PREFIXO: ;E3-003
NOME DO POSTO: ;AGUA BRANCA
MUNICÍPIO: ;SAO PAULO
CURSO D'ÁGUA: ;TIETE,R
LATITUDE: ;23°30'57"
LONGITUDE: ;46°40'51"
 
Obs: valores com --- representam dados inexistentes.
 
Dados de chuva (mm)
 
Mês/Ano;1;2;3;4;5;6;7;8;9;10;11;12;13;14;15;16;17;18;19;20;21;22;23;24;25;26;27;28;29;30;31;Chuva máxima;Chuva total
  07/1937;  0,0;  0,0;  0,0;  0,0;  0,0;  0,0;  0,0;  0,0;  0,0;  0,0;  0,0;  0,0;  0,0;  0,0;  0,0;  0,0;  0,0;  0,0;  0,0;  0,0;  0,0;  0,0;  0,0;  0,0;  0,0;  0,0;  0,0;  0,0;0,0;0,0;0,0;0,0;0,0
  08/1937;  0,0;  0,0;  0,0;  0,0;  0,0;  0,0;  0,0;  0,0;  0,0;  0,0;  0,0;  0,0;  0,0;  0,0;  0,0;  0,0;  0,0;  0,0;  0,0;  0,0;  0,0;  0,0;  0,0; 68,2;  7,0;  0,0;  0,0;  0,0;6,5;0,0;0,0;68,2;81,7
  10/1937;  3,3;  3,5;  0,0;  2,2; 20,5;  0,0;  6,6;  4,6; 34,5;  0,0;  0,0;  6,8;  2,3;  0,0; 24,0; 30,0;  3,9;  0,0; 11,5; 40,2;  0,0;  0,0;  0,0;  0,0;  0,0;  4,7;  4,3;  0,0;0,0;0,0;0,0;40,2;202,9
  11/1937;  2,4; 16,7;  0,0;  1,2;  0,0;  0,0; 18,4;  9,6; 32,0;  0,0;  0,0;  1,2;  0,0;  0,0;  0,0; 25,8; 48,0; 10,0;  9,4;  5,2;  0,0;  0,0;  0,0; 25,7;  5,3;  1,2;  0,0;  0,0;0,0;0,0;---;48,0;212,1
  12/1937;  0,0;  0,5;  6,9;  1,0;  0,5;  0,5;  9,0;  5,8;  0,0; 35,4;  3,7;  0,5;  0,0;  1,8;  0,0;  0,0; 13,5;120,5;  0,0;  0,0;  0,0;  0,0;  9,3;  0,0;  0,0;  0,3;  2,6;  0,6;0,0;4,8;0,0;120,5;217,2
  01/1938;  0,0;  0,0;  1,0; 15,0; 30,5;  6,3;  0,0;  0,3; 29,6;  0,0;  0,0;  0,0;  2,0; 17,0; 55,5; 27,0;  0,0;  1,6;  0,0;  9,5;  0,0;  1,6;  0,0;  5,8;  0,0; 22,1;  2,5;  0,0;0,0;0,0;0,0;55,5;227,3
  02/1938;  0,0;  2,5;  0,0;  0,0;  1,5; 29,5;  0,0;  0,0;  0,0; 24,4;  0,5;  0,0;  0,0;  5,0;  3,5;  2,7;  3,2;  5,5; 10,7;  0,0;  0,0;  3,0; 25,2;  0,0;  0,5;  0,0;  0,0;  0,0;---;---;---;29,5;117,7
  03/1938;  0,0; 11,6;  0,0;  0,0;  0,7;  0,0;  0,0;  0,0;  0,0;  0,0;  0,0;  0,0;  0,0;  0,0; 12,0;  0,0;  0,0;  0,3;  0,2; 26,0;  0,0;  0,0; 58,5; 36,2; 11,0;  1,0;  0,0;  0,0;0,0;0,0;1,0;58,5;158,5
  04/1938; 45,5; 13,7;  0,0;  0,0; 17,8;  0,5;  4,0;  0,0;  0,3;  0,5;  8,3;  0,0;  0,0;  0,0;  0,7;  0,0;  0,0;  0,0; 10,7;  0,9;  5,5; 14,0;  0,0;  0,0;  0,0;  0,0;  0,0;  0,0;0,0;22,5;---;45,5;144,9
  05/1938;  0,0;  1,8;  0,0;  0,0;  0,0;  0,0;  0,0;  0,0;  0,0;  0,0;  1,5;  0,0;  0,0; 21,8;  0,0;  0,0; 13,4;  1,0;  0,0; 19,5;  0,0; 18,5;  2,2;  0,0;  0,0;  0,0; 20,1;  0,0;0,0;0,0;0,0;21,8;99,8
  06/1938;  0,0;  0,0;  0,0;  0,0;  0,0;  9,7;  3,4;  0,0;  0,0;  0,0;  0,0;  0,0;  1,4;  0,0;  0,0;  0,0;  0,0;  0,0;  0,0;  0,0;  0,0;  9,3;  0,0;  0,0;  4,5;  0,5;  0,0;  0,0;0,0;0,0;---;9,7;28,8
  07/1938;  5,3;  3,3;  0,0;  0,0;  0,9;  0,2;  0,0;  0,0;  0,0;  0,0;  0,0;  0,0;  0,0;  0,0;  0,0; 10,5;  0,0;  0,0;  0,0; 15,0;  0,0;  0,0;  0,0;  0,0;  0,0;  0,0;  0,0;  0,0;0,0;0,0;0,0;15,0;35,2
  08/1938;  0,0; 22,0;  2,5;  4,0; 18,0;  0,3;  5,8;  6,7; 12,3;  0,5;  0,0;  0,0;  0,0;  0,5;  0,0;  0,0;  0,0;  0,0;  0,0;  0,0;  0,0;  0,0;  0,0;  0,0;  0,0;  0,0;  0,0;  0,0;0,0;0,0;0,0;22,0;72,6
  09/1938;  0,0;  0,0;  0,0;  0,0;  0,0;  1,1;  1,5;  1,6; 34,9;  8,2;  1,8;  0,0;  0,0; 60,0;  0,9;  0,0;  0,0;  0,0;  0,0;  0,0;  0,0;  0,0;  0,0;  0,0;  0,0;  8,9;  1,0;  0,0;0,0;0,0;---;60,0;119,9
  10/1938;  0,0;  3,0; 43,4;  0,0;  0,0;  0,3;  0,0;  0,0;  0,0;  0,0;  0,0;  0,0;  6,4; 25,4;  0,7;  0,5;  0,3; 25,7;  0,0; 18,3;  1,1;  0,0; 19,2;  0,8;  2,5;  0,5;  0,0;  8,0;33,4;0,4;0,0;43,4;189,9
  11/1938;  2,7;  0,0;  0,0;  0,0; 17,3;  0,0;  0,0;  1,2;  1,0;  6,2; 12,3;  0,5;  0,0;  0,7;  0,0;  0,0;  8,6;  0,5;  0,0;  0,0;  1,6;  9,1;  0,0;  0,0;  0,0;  0,0; 10,4;  6,8;0,0;5,3;---;17,3;84,2
  12/1938; 26,7;  0,6;  0,0;  0,0;  0,0;  0,0;  0,0;  2,6;  0,0; 48,7;  0,0;  0,0;  0,8; 22,6;  4,7;  6,3;  2,0; 26,1; 26,5;  0,0;  3,5;  0,0;  0,0; 10,2;  9,2;  9,8;  2,5;  0,0;0,0;0,0;4,0;48,7;206,8
  03/1939;  0,0;  2,2;  0,3;  0,0;  0,0;  0,0;  0,0;  0,0;  0,0; 22,0;  0,0;  4,8; 66,0; 40,0;  0,0;  0,0;  2,9;  0,8;  4,6;  2,8;  0,0;  4,9;  1,5;  0,0; 37,9;  7,8;  0,0;  0,0;6,1;5,3;3,5;66,0;213,4
  05/1939;  0,0;  0,0;  0,0;  0,0; 11,0;  0,2;  0,0;  0,0; 31,3;  0,8;  0,0;  7,8;  0,0;  2,3;  2,5;  0,0;  0,0;  0,0;  0,0;  0,0;  0,0;  0,0;  0,0;  0,0;  0,0;  1,5;  1,5;  0,0;5,1;12,4;6,2;31,3;82,6
  01/1940;  0,9;  0,0; 12,0;  0,0;  0,0;  0,0; 16,0; 34,3; 48,0;  2,1; 22,6; 18,6; 20,9;  1,5;  0,0;  0,0;  0,0;  0,0;  3,2; 25,6;  0,0;  0,0;  0,5;  0,0;  0,5;  3,5;  3,1;  0,0;0,0;0,0;1,7;48,0;215,0
  02/1940; 49,4;  2,9; 61,5; 23,6;  0,2; 19,4; 15,0;  6,1;  0,0;  0,0;  0,0;  6,5; 41,0; 41,5;  7,3; 18,1;  0,0;  0,1; 29,5; 24,5;  9,4; 17,8;  2,2;  5,8;  2,7;  0,0;  0,0;  0,0;0,0;---;---;61,5;384,5
  03/1940;  0,0;  0,0;  1,9;  0,0;  0,0;  0,0;  0,0;  0,0; 33,2; 15,7;  8,6;  2,0;  0,0;  0,3;  1,7;  0,0;  0,0;  0,0;  0,0;  0,0;  0,0;  0,0;  0,0;  0,0; 10,8;  5,0;  0,0;  0,0;30,5;0,6;0,2;33,2;110,5
  04/1940;  0,0;  0,0;  0,0;  0,0;  0,4;  0,0;  0,0;  0,0;  0,0;  0,0;  0,0;  0,0;  0,0;  0,8;  7,2;  0,0;  0,0;  0,0;  0,0;  0,0;  0,0;  0,0;  0,0;  0,0;  0,0;  8,5;  0,0;  0,0;5,0;0,2;---;8,5;22,1
  05/1940;  0,0; 14,4;  4,9;  2,9;  0,0;  0,0;  2,9;  0,0;  0,0;  0,0;  0,0;  0,0;  0,0;  0,0;  0,3;  0,0;  2,5;  0,0;  0,0;  0,0;  0,0;  0,0;  0,0;  0,0;  0,0;  0,0;  0,0;  0,0;0,0;0,0;0,0;14,4;27,9
  06/1940;  9,0;  0,0;  0,0;  0,0;  0,0;  0,0;  0,0;  0,0;  0,0;  0,0;  0,0;  0,0;  0,0;  0,0;  0,0;  0,0;  0,3;  0,0;  0,0;  0,0;  0,0;  0,0;  0,0;  2,3;  0,0;  0,0;  0,0;  0,0;0,0;0,0;---;9,0;11,6
  07/1940;  1,6;  0,0;  0,0;  0,0;  0,0;  0,0;  0,0;  0,0;  0,0;  0,0;  0,0;  0,0;  0,0;  0,0;  0,0;  0,0;  0,0;  0,0;  0,0;  0,0;  3,8;  0,0;  0,0;  0,0;  0,0;  0,0;  0,0;  0,0;0,0;0,0;0,0;3,8;5,4
  08/1940;  0,0;  0,0;  0,0;  0,0;  0,0;  0,0;  0,0;  0,0;  9,5;  0,0;  0,0;  0,0;  0,0;  0,0;  0,0;  0,0;  0,0;  0,0;  0,0;  0,0;  0,0;  0,0;  0,0;  0,0;  0,0;  3,2;  1,6;  0,0;0,0;0,0;0,0;9,5;14,3
  09/1940;  0,0;  0,0;  0,0;  0,0;  0,0;  0,0;  0,0;  0,0;  0,0;  0,0;  0,8; 24,0;  0,0;  0,0;  0,0;  0,0;  0,0;  0,0;  0,0;  0,0;  3,1;  1,3;  0,0;  6,9;  8,8;  0,3;  0,0;  0,0;0,0;0,0;---;24,0;45,2
  10/1940;  0,0;  0,0;  0,0;  0,0;  0,0;  0,0;  0,0;  0,0;  6,5;  0,0; 21,1; 15,0; 10,1;  0,0;  0,0;  0,0;  0,0;  0,0;  0,1;  0,0; 18,2;  0,0;  0,0;  3,8;  0,3;  4,5;  4,3; 43,3;4,0;3,5;0,0;43,3;134,7
  11/1940;  0,0;  0,0;  0,0;  0,8;  1,5;  0,0;  0,0;  0,0;  0,5;  0,0;  4,8;  0,8;  2,3;  3,1;  4,4;  1,0;  3,1;  0,1;  0,0;  0,0;  0,0;  0,0;  0,0;  0,0;  0,0; 28,7;  7,8; 14,5;0,0;0,0;---;28,7;73,4
  12/1940;  0,0;  0,5;  0,0; 65,3;  0,0;  0,0;  0,0;  0,0;  0,0;  0,0;  0,0; 41,5;  0,0;  0,0; 12,6;  0,7;  0,6;  0,8;  2,3;  0,0;  7,1;  0,3;  3,4;  0,0;  0,0; 11,0;  2,0; 25,2;0,0;3,9;18,4;65,3;195,6
  01/1941; 24,8;  0,0; 12,9; 10,3;  1,4;  0,0;  0,0;  0,0;  7,2;  8,8;  0,0;  2,5;  0,3;  0,0;  0,0;  3,3;  0,0;  0,0;  0,0;  0,0;  0,0;  2,8; 23,2; 16,7;  2,5;  0,6;  0,0;  0,0;16,0;2,3;0,0;24,8;135,6
  02/1941; 10,0; 20,0;  0,2;  0,0;  4,9;  7,8; 12,1;  0,0;  0,0;  0,0;  0,0; 42,9;  0,2;  0,0;  0,0;  0,0; 11,9; 12,3;  0,4;  0,0;  0,0; 22,2;  0,0; 37,3; 22,6;  0,3;  0,0;  0,0;---;---;---;42,9;205,1
  03/1941;  0,0; 15,1;  0,3; 14,0;  0,3;  2,4;  1,7;  0,4;  0,0;  0,0;  0,0;  5,2;  6,6;  2,5;  5,2;  0,0;  0,0;  0,2;  0,0;  0,0;  7,9;  1,1;  0,7; 32,8; 11,1;  0,0;  0,1;  0,0;0,0;0,0;4,7;32,8;112,3
  04/1941;  0,0;  1,0;  0,2;  1,1;  0,0;  0,0;  0,0;  1,9;  0,0;  0,0; 11,6;  0,0; 11,8;  0,0;  0,0;  0,0;  2,2;  0,0;  0,0;  0,0;  0,0;  0,0;  0,0;  0,0;  0,0;  0,0;  0,0;  0,0;0,0;0,0;---;11,8;29,8
  05/1941;  0,0;  0,0;  0,0;  0,0;  0,0;  0,0;  0,2;  0,0;  0,0;  0,0;  0,0;  0,0;  0,0;  0,0;  0,0; 59,8;  2,3;  0,0;  0,0;  0,0;  0,0;  0,0;  0,0;  0,0;  0,0;  0,0;  0,0; 12,8;0,0;0,0;0,0;59,8;75,1
  06/1941;  0,0;  0,0;  0,0;  0,0;  0,0;  0,0;  0,0;  0,0;  0,0;  0,0;  0,0;  1,5; 12,7;  0,0;  0,0;  0,0;  0,0;  0,0;  0,0;  0,0;  0,0;  0,0;  0,0;  0,0; 15,2;  8,6;  0,0;  0,0;0,0;0,0;---;15,2;38,0
  07/1941;  0,0;  0,0;  0,0;  0,0;  0,0;  0,0;  0,0;  0,0;  0,0;  4,9;  0,2;  0,0;  0,0;  0,0; 21,7; 20,4;  0,0;  0,0;  0,0;  0,0;  0,0;  0,0;  0,0;  0,0;  0,0;  0,0;  0,0;  0,0;0,0;0,0;0,0;21,7;47,2
  08/1941;  0,0;  0,0;  0,0;  0,0;  3,1;  7,5;  0,0;  0,0;  0,0;  0,0;  0,0;  0,0;  0,0;  0,0; 13,0;  2,8;  8,5;  0,6;  0,0;  0,0;  0,0;  0,0;  0,6;  0,0;  0,0;  0,0;  0,0;  0,0;0,0;0,0;0,0;13,0;36,1
  09/1941;  0,0;  1,8; 24,7;  1,9;  0,0; 33,3;  1,3;  0,0;  0,0;  0,1;  3,4;  0,8;  1,4; 33,7;  0,0;  0,0;  0,0;  5,1;  0,0;  0,0; 17,1; 14,8;  0,4; 21,8;  0,2; 20,1; 18,1;  0,5;0,0;0,0;---;33,7;200,5
  10/1941;  6,6; 12,5;  0,0;  0,6;  8,2;  1,7;  0,0; 34,0;  3,6;  0,0;  0,0;  0,0;  0,0;  0,0;  0,0;  5,4;  3,5;  0,0;  0,0;  0,0;  0,2;  0,5;  0,0;  0,0;  0,0;  0,0;  0,0;  0,0;0,0;0,0;18,1;34,0;94,9
  11/1941;  4,9;  0,1;  0,0; 10,0;  6,2; 22,9;  0,4; 25,8;  0,2;  0,1;  0,1;  6,8;  1,6;  0,0;  0,0;  0,0; 48,1;  1,9;  0,0;  0,0; 25,7;  1,4;  3,6;  0,0;  0,0;  8,0; 17,8;  0,2;0,3;1,0;---;48,1;187,1
  12/1941;  0,0;  0,7;  0,0;  0,0;  0,0;  1,2;  0,5;  0,0;  4,2; 12,2; 10,0;  0,8; 15,3;  0,9; 36,5;  1,7;  0,8;  7,5;  0,8;  0,7;  1,2;  0,0;  9,0;  0,0;  0,5;  0,0;  0,0;  0,0;3,8;12,2;42,4;42,4;162,9
  01/1942;  0,3;  0,0;  0,0;  0,0;  3,2; 10,2;  0,0;  0,0;  0,0; 27,5;  0,0;  0,0;  0,0;  7,2; 17,0;  1,3;  9,3;  0,0;  0,0;  8,0;  0,2;  0,0;  0,0;  1,4;  0,0;  0,0; 27,2;  0,4;6,6;9,7;18,8;27,5;148,3
  02/1942; 46,3;  1,0; 36,3; 24,8;  5,9;  0,0;  0,0;  4,4; 13,5;  6,0;  6,8;  1,8; 15,5;  0,0; 41,2;  1,2;  0,0; 23,6; 35,6; 16,6; 24,6;  0,0;  0,0;  0,0;  0,0; 17,8;  0,0; 30,0;---;---;---;46,3;352,9
  03/1942; 14,4;  4,5;  0,0;  0,6; 11,5;  6,5;  0,0;  0,0;  0,0;  1,1;  0,0; 32,0; 35,5;  4,9;  0,0;  0,0;  0,0;  1,5;  0,0;  0,0;  0,0;  0,0;  0,0;  0,0;  0,0;  0,0;  0,0;  0,0;0,0;0,0;27,0;35,5;139,5
  04/1942; 20,0;  0,0;  0,0;  0,0;  0,0;  0,0;  0,0;  2,8;  1,8;  0,0;  0,0;  0,0;  0,0;  6,4;  8,0;  8,1;  1,8;  0,0;  0,0; 10,0; 42,3;  0,0;  0,0; 42,5;  7,0;  0,4;  0,0;  0,0;0,0;0,0;---;42,5;151,1
  05/1942; 17,5;  0,3;  0,0;  0,0;  1,5;  3,3;  8,3;  0,1;  0,0;  0,0;  0,0;  0,0;  0,0;  0,0;  0,0;  0,0;  0,0;  0,0;  0,0;  0,0;  0,0;  0,2;  0,0;  0,0;  0,0;  0,0;  0,0;  0,0;0,0;0,0;0,0;17,5;31,2
  06/1942;  0,0;  0,0;  0,0;  0,0;  0,0;  0,0;  0,0;  0,0;  0,0; 10,7; 23,1;  0,2;  0,0;  0,0;  0,0; 20,1; 20,4;  0,0;  3,0;  0,0;  0,0;  0,0;  0,0;  0,6;  0,0;  0,0;  0,0;  0,0;0,0;0,0;---;23,1;78,1
  07/1942;  0,0;  0,0;  0,0; 41,1;  5,1;  0,0;  0,0;  0,0;  2,5; 25,6; 15,1;  0,3;  0,0; 10,0;  0,0;  0,0;  0,0;  0,0;  0,0;  0,0;  0,0;  0,0;  0,0;  0,0;  0,0;  0,0;  0,0;  0,0;0,0;0,0;0,0;41,1;99,7
  08/1942;  0,0;  0,0;  0,0;  0,0;  0,0;  0,0;  0,0;  0,0;  0,0;  0,0;  2,0;  0,0;  0,0;  0,0;  0,0;  0,0;  0,0;  0,0;  0,0;  0,0;  0,0;  0,0;  0,0;  0,0;  0,0;  0,0;  0,0;  0,0;0,0;0,0;0,0;2,0;2,0
  09/1942;  0,0;  0,0;  0,0;  0,0;  0,0;  2,9;  0,3;  0,0;  0,0;  0,0;  0,0;  0,0;  0,0;  0,0;  0,0;  0,0; 13,1;  0,0; 14,0;  0,0;  0,0;  0,0;  0,0;  0,0;  1,0;  0,0;  0,0;  0,0;0,0;1,6;---;14,0;32,9
  10/1942;  0,0;  0,0;  2,0;  0,0;  0,0;  0,0;  0,0;  0,0;  0,0;  0,0;  0,0;  0,0;  0,0;  0,0;  0,0;  0,0;  0,0;  0,0;  0,0;  0,0;  0,0;  0,0;  0,0;  6,5;  2,1;  0,7;  0,0;  0,2;2,4;0,0;0,0;6,5;13,9
  11/1942;  3,2; 14,6;  0,0;  0,0;  0,0;  0,0;  0,0;  0,0;  7,6;  0,0;  0,7;  0,0;  0,0;  1,4;  0,0;  0,0;  0,0;  0,0;  1,5;  0,0; 14,7;  0,0;  0,0;  0,0;  0,0;  0,0; 32,0;  0,6;0,0;0,1;---;32,0;76,4
  12/1942;  0,0;  0,0;  1,2;  0,0;  0,0;  0,0;  0,0;  9,3; 11,2;  0,0;  1,9;  0,0;  0,0;  8,1; 42,4;  1,2;  0,0;  2,3;  0,0;  0,0; 17,9;  5,2;  9,6; 24,0;  0,0;  2,4;  7,2;  5,3;0,0;0,0;0,0;42,4;149,2
  01/1943;  0,0;  0,0;  4,8;  0,4;  0,0;  0,0;  0,0;  6,0;  0,0;  4,3; 40,3;  2,4; 32,0; 28,1;  4,5;  0,0;  0,0;  0,2; 12,7; 10,8;  4,2;  0,0;  0,0;  9,6;  7,7;  0,0;  8,3;  7,4;4,5;1,9;14,0;40,3;204,1
  02/1943;  1,2;  0,6;  0,0;  0,0;  0,0;  0,0;  0,0;  0,0;  1,0;  1,3;  3,4;  0,2;  0,0; 15,7; 30,6;  7,3;  9,6; 11,5;  0,0;  0,0;  3,1;  2,3;  1,6;  9,6;  1,2;  0,0;  6,5;  0,0;---;---;---;30,6;106,7
  03/1943;  0,0;  0,0;  0,0;  0,0;  0,0;  0,0; 12,5; 34,6;  0,0;  2,1;  0,8;  7,1;  0,5; 25,7; 17,5;  0,0;  0,0;  0,0;  0,0;  0,0;  0,0;  0,0;  0,0;  7,8;  1,9;  0,0; 10,1; 37,7;0,3;0,0;0,0;37,7;158,6
  04/1943;  0,3;  0,0;  0,0;  0,0;  0,0;  0,0;  0,0;  0,0;  0,0;  7,5;  0,1;  0,0;  0,0;  0,0;  6,3;  2,8;  0,0;  0,1;  0,0;  0,0;  0,0;  0,0;  0,0;  0,0;  0,0;  0,6;  2,3;  0,0;0,0;0,0;---;7,5;20,0
  05/1943;  0,0;  0,0;  0,0;  0,0;  0,0;  0,0;  0,0;  0,0;  1,9;  0,0;  0,0;  0,0;  0,0;  0,0;  0,0;  0,0;  0,0;  0,0;  0,0;  0,0;  0,0;  0,0;  0,0;  0,7;  0,0;  0,0;  0,0;  0,0;0,0;0,0;0,0;1,9;2,6
  06/1943;  0,0;  0,0;  0,0;  0,0;  0,0;  3,5;  0,0; 14,1;  6,4;  2,2;  0,0;  0,9;  0,0;  0,0;  0,0;  0,0;  0,0;  2,5;  0,0;  0,0;  0,0;  0,0;  0,0;  0,0;  0,0;  0,0;  0,0;  0,0;0,0;0,0;---;14,1;29,6
  07/1943;  0,0;  0,0;  0,0;  0,0; 10,7;  0,0;  0,0;  0,0;  0,0;  0,0;  0,0;  0,0;  0,0;  0,0;  0,0;  0,0;  0,0;  0,0;  0,0;  0,2;  0,0;  0,0;  0,0;  0,0;  0,0;  0,0;  0,0;  0,0;0,0;0,0;0,0;10,7;10,9
  08/1943;  0,0;  0,0;  1,2;  0,0;  0,1;  0,2;  0,0;  0,0;  0,0;  0,0;  0,0;  0,6;  0,0;  0,0;  0,1;  0,0;  0,0;  0,0;  0,0;  0,0;  0,0;  0,0;  6,4; 22,1;  2,3;  0,0;  0,0;  0,0;0,0;0,0;0,0;22,1;33,0
  09/1943;  0,0;  0,0;  0,0;  0,0;  0,0;  0,0;  0,0;  0,0;  0,0;  0,0;  5,5;  1,8;  2,4; 10,3; 10,8;  0,3;  0,0;  0,1;  0,5;  0,0;  0,0; 21,5;  7,4; 27,8;  0,6;  0,0;  0,0;  0,1;0,0;0,0;---;27,8;89,1
  10/1943;  0,0;  0,0;  7,9; 17,4; 11,9;  0,0;  0,0;  0,0;  0,9; 12,3;  7,7;  4,7; 31,9;  7,4;  1,9;  0,5;  0,0;  0,0;  0,0;  0,0;  0,0; 15,2;  8,2;  5,4;  0,0;  0,0; 34,9; 41,9;1,4;0,0;0,0;41,9;211,5
  11/1943;  2,5;  2,2; 15,8;  1,0;  0,0;  0,0;  0,0;  0,0;  0,0; 12,5;  1,1;  0,0;  0,0;  0,0;  0,0;  0,0;  0,0; 43,8;  1,0;  0,0;  0,0;  0,0; 12,7; 10,1;  0,0;  0,0;  0,0;  0,0;0,0;0,0;---;43,8;102,7
  12/1943; 11,9;  0,0;  0,0;  0,0;  0,0;  0,0;  0,0;  0,0;  0,0;  0,0;  0,0;  2,2;  0,0; 10,0;  0,0;  0,0;  2,1;  0,0;  0,0;  0,0;  4,9; 18,8; 11,0;  6,0;  1,4;  9,9;  0,0;  0,0;13,0;20,5;3,2;20,5;114,9
  01/1944;  1,8;  0,0;  0,0;  4,6;  7,0;  0,0;  0,0;  0,0; 13,0;  0,0;  0,0; 26,5; 20,8;  0,0; 20,0;  0,0;  2,4;  0,9;  0,4;  0,0;  0,0;  0,0; 12,0;  1,7;  7,9;  0,0;  0,0;  0,0;0,0;1,0;1,9;26,5;121,9
  02/1944; 11,0;  0,0;  0,0;  0,0;  0,0;  0,0;  0,0;  3,9;  0,0;  0,0;  0,0;  0,0;  0,0;  1,0; 48,4;  0,7; 27,4; 18,2; 57,8;  5,0;  3,8;  5,8;  9,9; 59,1;  1,0;  0,1; 44,7;  0,0;0,0;---;---;59,1;297,8
  03/1944;  0,0;  0,6; 20,5;  4,3;  3,2; 30,2;  0,0;  0,0;  6,7;  0,0; 27,6;  0,0; 24,9; 23,0;  0,1;  0,0;  0,1; 11,4; 38,9;  0,0;  0,0;  0,0;  0,0;  0,0;  0,0;  0,0;  0,0; 17,6;0,4;0,0;0,0;38,9;209,5
  04/1944;  1,2; 11,3;  0,0;  0,0;  0,0;  0,0;  0,0;  0,0;  0,0;  0,0; 17,1;  0,0;  0,0;  0,0;  0,0;  0,0;  1,5;  0,0;  0,4;  0,0;  0,0;  0,0;  0,0;  0,0;  0,0;  0,0;  0,0;  0,0;0,0;0,0;---;17,1;31,5
  05/1944;  0,0;  0,0;  0,0;  0,0;  0,0;  0,0;  0,0;  0,0;  0,0;  0,0;  0,0;  0,0;  0,0;  0,0;  0,3;  0,0;  0,0;  0,0;  0,0;  0,0;  3,7;  0,0;  0,0;  0,0;  0,0;  0,3;  0,0;  0,0;0,0;0,0;0,0;3,7;4,3
  06/1944;  0,0;  0,0;  0,0;  8,6;  0,0;  0,0;  0,0;  0,0;  0,0;  0,0;  0,0;  0,0;  0,0;  0,0;  0,0;  0,0;  0,0;  0,0;  0,5;  0,0;  0,0;  0,0;  0,0;  0,0;  0,0;  0,0;  0,2;  0,0;0,0;0,0;---;8,6;9,3
  07/1944;  0,0;  0,0;  0,0;  0,0;  0,0;  2,0;  0,0;  0,0;  0,3;  1,0;  0,5;  0,0;  0,0;  0,0;  0,0;  0,0;  0,0;  0,0;  0,0;  0,0;  0,0;  0,0;  0,0;  1,4;  0,0;  0,0;  0,0;  0,0;0,0;0,0;0,0;2,0;5,2
  08/1944;  0,0;  0,0;  0,0;  0,0;  0,0;  0,0;  0,0;  0,0;  0,0;  0,0;  0,0;  0,0;  0,0;  0,0;  0,0;  0,0;  0,0;  0,0;  0,0;  0,0;  0,0;  0,0;  0,0;  0,0;  0,0;  0,0;  0,0;  0,0;0,0;0,0;0,0;0,0;0,0
  09/1944;  0,0;  0,0;  0,0;  0,0;  0,0;  0,0;  2,2;  2,3;  0,0;  0,0;  0,0;  0,0;  0,0;  0,0;  0,0;  0,0;  0,0;  0,0;  0,0;  0,0;  0,0;  0,0;  0,0;  0,0;  0,0;  1,7;  0,0;  0,0;0,0;0,0;---;2,3;6,2
  10/1944;  0,0;  0,0;  0,0;  0,0;  0,0;  0,0;  0,0;  0,0;  0,0;  0,0;  0,0;  1,5;  1,6; 10,4;  0,0;  0,0;  4,4;  0,0;  0,0; 12,2;  0,0;  0,0;  0,0;  0,0;  0,0; 31,9;  0,5;  0,0;6,4;0,0;0,0;31,9;68,9
  11/1944;  0,0;  0,0;  3,1;  0,0;  0,0;  7,5; 15,1; 33,4;  6,6;  0,0;  0,0;  0,0;  1,5;  3,7;  5,8;  0,0;  0,0;  0,0;  0,0;  0,0;  8,1;  0,0;  0,1; 27,5;  0,0; 13,0;  4,0;  0,0;0,0;0,0;---;33,4;129,4
  12/1944;  0,0;  0,9; 20,6; 15,5;  2,2;  0,3;  0,0;  0,0;  0,0; 13,1;  0,0;  0,0;  0,0;  0,0;  0,0;  0,0;  6,4;  0,0;  0,0;  0,0;  0,0;  0,0;  4,1; 11,8;  0,0;  1,4;  2,0;  0,0;0,0;0,0;0,0;20,6;78,3
  01/1945;  0,0; 36,0;  2,7;  0,0;  5,7; 10,4;  5,9;  0,3;  0,0;  0,0;  0,0;  0,0;  0,0;  0,1;  0,0;  0,0;  4,7;  0,0;  0,0; 18,0;  1,0; 14,5;  0,4;  0,0;  0,0;  0,0;  0,0;  8,7;12,1;3,5;59,6;59,6;183,6
  02/1945; 24,2; 22,1;  4,9;  0,0;  0,2;  0,0; 36,4;  9,5;  0,5;  3,0;  4,3;  0,5;  0,0;  0,0;  0,0;  0,0;  9,2; 10,1;  4,5;  7,5; 25,1; 19,3; 22,4;  0,5;  0,0;  0,0;  2,4;  0,0;---;---;---;36,4;206,6
  03/1945; 44,5;  0,0; 16,2;  8,4;  2,8;  0,1;  0,2;  0,0;  7,4;  7,8;  0,0;  0,0;  0,0;  0,0;  3,4;  0,3;  0,0;  0,0;  0,0;  0,0; 16,6;  0,0;  0,0; 10,0; 39,4;  1,5;  4,0;  1,3;0,0;0,0;0,0;44,5;163,9
  04/1945;  0,0;  0,0;  0,0; 17,3;  1,4;  0,2;  0,0;  0,0;  0,0;  0,0;  0,0;  0,0;  0,0;  1,9;  0,0;  0,0;  0,0;  0,0;  0,0; 10,9;  0,0;  0,0;  0,0;  0,0;  0,0;  0,0;  0,0;  0,0;0,4;7,6;---;17,3;39,7
  05/1945;  0,0;  0,0;  0,0;  0,0;  0,0;  0,0;  0,0;  0,0;  0,0;  0,0;  0,0;  1,9;  0,0;  0,0;  0,0;  0,0;  5,2; 11,0;  0,0;  0,0;  0,0;  0,0;  0,0;  0,0;  0,0;  0,0;  0,0; 12,5;0,0;0,0;0,0;12,5;30,6
  06/1945;  0,0;  0,0;  0,0;  0,0;  0,7;  8,1;  0,0;  0,0;  0,0;  0,0;  0,0;  0,0;  0,0;  0,0;  0,0;  0,0;  0,0;  0,0;  0,0; 29,1; 74,7;  0,0; 36,0; 10,8; 23,5;  0,7;  0,0;  0,0;0,0;0,0;---;74,7;183,6
  07/1945;  0,0;  0,0;  0,0;  0,0;---;---;---;---;---;---;---;---;---;---;---;---;---;---;---;  0,0;  0,0;  0,0;  0,0;  0,0;  0,0;  0,0;  0,0;  0,0;0,0;0,0;0,0;---;---
  08/1945;  0,0;  0,0;  0,0;  0,0;  0,0;  0,0;  0,0;  0,0;  0,0;  0,0;  0,0;  0,0;  0,0;  0,0;  0,0;  0,0;  0,0;  0,0;  0,0;  0,0;  3,1;  0,0;  0,0;  0,0;  0,0;  0,0;  0,0;  0,0;0,0;0,0;0,0;3,1;3,1
  09/1945;  0,0;  0,0;  0,0;  0,0;  0,0;  0,0;  0,0;  0,0;  0,0;  0,0;  0,7;  0,0;  0,0;  0,0;  0,0; 24,2; 12,0;  0,4;  0,0;  0,0;  0,0;  0,0;  0,0;  0,0;  0,0;  0,0;  0,0;  0,0;0,0;10,3;---;24,2;47,6
  10/1945;  0,1;  0,0;  0,0;  1,7;  1,5; 13,3;  0,0;  0,0;  0,0;  4,2;  0,0;  0,0;  0,0;  0,0;  0,0;  0,0;  2,0;  1,7;  0,0;  0,0;  0,0;  0,0;  0,0;  0,0;  0,0;  0,0;  0,0; 10,0;0,0;9,2;0,0;13,3;43,7
  11/1945; 14,4;  4,4;  0,0;  0,0;  0,0; 12,4;  0,0;  0,0; 25,4;  0,0;  0,0;  0,0; 25,9;  0,0;  0,0;  0,0;  0,0;  0,0;  0,0;  0,0;  0,0; 11,9;  2,3;  0,0;  0,0;  0,0;  0,4;  0,0;0,0;0,0;---;25,9;97,1
  12/1945;  0,0;  0,0;  0,0;  0,0;  0,0; 51,0; 12,8;  4,5;  0,0;  0,0;  0,0;  0,0;  0,0;  0,0; 45,7;  0,3;  3,5;  0,0;  0,0;  0,0;  0,0;  0,0;  0,0;  0,0;  0,0;  0,0; 28,1;  0,0;14,2;0,2;13,2;51,0;173,5
  01/1946;  8,5;  0,6;  1,9;  6,4; 18,2; 36,4; 17,1;  0,0;  0,0;  3,7;  0,0;  0,2;  5,9; 24,2;  0,5;  0,0;  0,0;  1,4; 19,5; 22,3;  2,7;  0,0;  0,0;  6,4; 12,0;  4,7;  0,6; 15,1;3,1;0,0;0,0;36,4;211,4
  02/1946;  7,5;  0,0;  0,5;  0,0;  0,0;  0,0;  0,5;  0,0;  2,0;  0,0;  9,3;  0,0;  0,0; 24,8;  6,7; 10,2;  0,0;  0,1;  1,3;  0,8;  3,6;  0,1;  9,8;  2,8;  0,2;  0,0;  0,0;  0,0;---;---;---;24,8;80,2
  03/1946;  6,1;  0,0; 23,7; 49,2; 58,8;  3,2;  1,1;  0,1;  0,0; 11,1; 14,2;  1,3;  0,5; 46,9;  5,0;  1,0;  0,0;  0,0;  0,0;  0,9;  3,8;  1,0;  0,0;  0,2; 15,6;  0,0;  0,0;  0,0;0,0;0,0;1,6;58,8;245,3
  04/1946;  4,6;  5,3;  0,2;  0,0;  0,0;  0,0;  8,6;  0,0;  0,0;  0,0;  0,0;  0,2;  0,0;  0,0;  0,0;  0,0;  2,4;  0,0;  0,1;  0,0;  0,0;  0,0;  0,0;  0,0;  0,0;  0,0;  0,2;  0,2;0,1;0,0;---;8,6;21,9
  05/1946;  0,0; 12,7;  0,0;  0,1;  0,2;  4,8;  0,1;  0,0;  0,1;  0,1;  0,0;  1,0;  2,5;  0,1;  0,0;  0,0;  0,0;  0,1;  0,0;  0,1;  0,1;  0,1;  0,1;  0,1;  0,0;  0,0;  0,0;  0,0;0,1;0,0;0,0;12,7;22,4
  06/1946; 20,0; 26,1;  5,0;  0,1;  0,1;  0,0;  0,0;  0,3;  0,1;  0,1;  0,1;  0,1;  0,1;  0,1; 12,0;  0,0;  0,1;  0,1;  0,1;  0,0;  0,1;  0,1;  0,0;  0,0;  0,0;  0,1;  0,1;  0,1;0,0;0,0;---;26,1;65,0
  07/1946;  0,1;  0,1;  0,1;  7,5;  0,1;  0,0;  0,1;  3,5;  0,1;  0,1;  8,0;  0,2; 26,0;  0,1;  1,5; 35,7;  0,0;  0,0;  0,0;  1,0;  0,1;  0,1;  6,7;  9,0;  0,0;  0,0;  0,0;  0,0;0,1;0,1;0,1;35,7;100,4
  08/1946;  0,0;  0,0;  0,0;  0,1;  0,1;  0,0;  1,5;  0,1;  0,0;  0,0;  0,1;  0,0;  0,0;  0,1;  0,0;  0,0;  0,0;  0,0;  0,1;  0,1;  0,1;  0,0;  2,0;  0,0;  0,0;  0,0;  0,0;  0,0;0,0;0,1;0,1;2,0;4,5
  09/1946;  0,0;  0,5;  0,0;  0,0;  0,0;  1,6;  1,3;  0,1;  0,0;  0,0;  0,0;  0,0;  0,0;  0,0;  0,0;  0,1;  0,1;  0,0;  0,0;  0,1;  0,0;  0,0;  0,2;  0,7;  0,0;  0,8;  0,0;  0,8;0,7;0,2;---;1,6;7,2
  10/1946;  0,0;  0,0;  0,0;  0,0;  0,0;  0,0;  0,0;  6,3;  0,1;  0,0;  0,0;  1,2; 13,4;  0,2;  0,0;  8,2; 16,0; 14,3; 29,8;  3,0;  0,0; 45,7;  5,7;  0,1;  0,0;  0,0;  0,0;  0,0;0,0;0,0;0,0;45,7;144,0
  11/1946;  0,0; 44,2;  4,6;  0,2;  0,0; 17,0;  3,5; 14,4; 21,6;  0,3;  0,4;  0,0;  0,0;  0,0; 11,3;  0,0;  0,0;  0,0;  1,5;  0,7;  0,2;  0,0;  0,0;  0,0; 28,2;  9,3;  0,0;  0,0;2,6;0,6;---;44,2;160,6
  12/1946;  0,0;  0,0;  0,0;  0,0;  0,0;  8,3;  0,5;  6,9; 10,8;  0,7;  0,0;  0,0;  0,0;  0,0;  1,3;  0,7;  5,1;  2,2;  0,0;  0,0;  0,0;  3,8; 32,4; 18,4;  1,2;  3,7;  0,1;  0,0;0,0;5,9;0,6;32,4;102,6
  01/1947; 28,0; 44,1;  5,2;  6,2;  6,2; 16,3;  0,0;  6,8;  0,5;  0,0; 14,6;  1,2;  0,2;  2,7; 42,1;  0,0;  0,0; 76,7;  9,8; 24,0;  0,0;  0,0;  0,0; 28,2; 23,6;  1,9; 74,8;  0,4;1,4;6,3;0,0;76,7;421,2
  02/1947;  0,0;  0,0;  0,0;  0,0;  0,0;  0,0;  1,5;  0,0;  0,0; 27,6;  2,3;  0,6;  0,0;  0,5; 24,0;  6,1; 13,8; 33,6;  0,0;  0,0;  0,0;  0,0;  0,0;  0,1;  0,8; 79,4;  1,4; 56,4;---;---;---;79,4;248,1
  03/1947;  4,8;  4,0; 13,2; 47,4;  4,1; 51,5;  2,8;  0,0;  0,0;  0,0; 10,5;  0,0;  0,2; 16,5;  0,0;  0,0;  0,0; 23,7;  0,1;  6,6;  0,0;  0,0;  0,0;  0,0;  0,4;  0,0;  2,0;  0,0;0,0;0,0;0,0;51,5;187,8
  04/1947;  0,0;  0,0;  0,0;  0,0;  0,0;  0,0;  0,0;  0,0; 32,5;  0,0;  0,0;  0,0;  0,0;  0,0;  0,0;  0,0;  0,0;  0,0;  0,9;  6,8;  0,0;  0,0;  0,0;  0,0;  0,4;  0,0;  0,1;  0,0;0,0;0,0;---;32,5;40,7
  05/1947;  0,0;  0,0;  3,8;  4,2;  0,1;  0,0;  0,0;  0,1;  0,0;  1,5;  0,1;  0,0;  0,0;  0,0;  0,1;  0,1;  0,1;  0,0; 24,3; 21,7;  0,2;  0,0;  2,0;  7,3;  0,3;  0,0;  0,0;  0,1;0,1;0,1;0,0;24,3;66,2
  06/1947;  0,0;  0,0;  0,1;  0,1;  0,1;  0,0;  0,0;  0,0;  0,0;  0,1;  0,1;  0,0;  0,0;  0,2;  0,6;  0,0;  0,0;  0,0;  0,1; 16,2;  0,5;  0,0;  4,5;  0,1;  0,0;  0,0;  0,0;  0,1;0,0;0,0;---;16,2;22,8
  07/1947;  0,1;  0,0;  0,0;  1,7;  1,8;  0,0;  0,0;  1,5; 18,4;  4,1;  0,0;  0,0;  0,0;  0,0;  0,3;  0,0;  0,0;  0,0;  0,0;  0,0;  0,0;  0,0;  0,0;  0,0;  0,1;  0,0;  0,0; 59,7;3,5;0,2;0,0;59,7;91,4
  08/1947; 34,4;  0,1;  0,0;  0,0;  0,0;  0,7;  0,0;  0,0;  0,2;  0,0;  0,4;  5,3;  0,0;  0,0;  0,0;  0,0;  0,0;  0,0;  0,1;  0,1;  0,1;  0,1;  0,0;  3,4;  0,7;  0,3;  0,0; 26,5;1,8;0,0;0,2;34,4;74,4
  09/1947;  0,7; 18,2;  0,0; 17,1;  0,0;  0,0;  0,0;  0,0;  6,7;  0,0;  0,0;  0,0;  0,3;  0,1;  0,1;  0,0;  0,0;  4,2;  5,7;  0,0;  0,0;  0,0;  6,8; 31,5; 59,0;  0,5;  0,0;  0,1;0,0;0,0;---;59,0;151,0
  10/1947;---;---;---;---;---;---;---;  0,6;  1,3;  0,2;  0,3;  0,0;  0,0;  0,0;  0,0;  0,0;  0,0;  0,0;  0,0;  0,4;  0,5;  1,7;  6,3; 25,1;  9,3;  1,8;  0,1;  0,0;1,3;0,0;0,0;---;---
  11/1947; 32,7;  0,1;  7,9;  9,8;  0,0;  0,0;  0,0;  0,0;  0,0;  0,0;  0,0;  0,5;  4,4;  0,0;  0,0;  0,1;  0,0;  0,0;  0,0;  0,0;  0,0;  0,2;  0,0; 11,0; 16,8; 43,5; 24,3;  0,0;0,0;0,0;---;43,5;151,3
  12/1947;  0,0;  1,0;  6,5;  0,0;  0,0;  0,0;  0,0;  0,2;  0,0; 24,7; 32,0;  0,4;  0,0;  7,3;  6,9;  1,8;  1,1;  4,0; 41,4;123,7; 28,1; 14,3;  0,0; 18,2;  0,2;  0,0;  0,0;  0,0;32,5;0,1;0,0;123,7;344,4
  01/1948;  0,0;  0,0;  0,0; 22,8;  0,0;  0,0;  0,0;  0,3;  0,0; 14,7; 29,8;  1,5;  0,2; 19,7; 10,1;  3,1; 28,4;  0,0;  0,0;  0,0; 12,8; 18,8;  0,1;  0,0;  0,6;  0,0;  0,0; 15,2;21,2;1,2;0,3;29,8;200,8
  02/1948;  0,0;  0,0;  6,5;  0,0;  0,0; 35,2;  0,0; 12,3; 30,5; 16,7;  0,8;  0,0;  7,3; 10,5;  0,3;  0,0;  0,0;  2,0;  0,2;  0,0;  0,3;  2,4;  5,8;  0,9;  0,0;  2,4;  1,0; 11,8;14,0;---;---;35,2;160,9
  03/1948;  3,4;  0,0;  0,0;  0,0;  0,0;  0,0;  0,5;  0,0;  0,0;  0,0;102,8; 30,5;  0,0; 16,2;  0,0; 22,5;  0,0;  0,0;  0,0;  0,0;  0,4;  0,0; 11,4; 42,8;  1,3;  0,0;  0,0; 18,9;0,0;1,8;0,0;102,8;252,5
  04/1948;---;---; 12,0; 20,7;  0,3;  0,0;  0,0;  0,0;  0,0;  0,0;  0,0;  0,0;  0,0;  0,0;  0,0;  0,0;  0,0;  0,1;  1,3;  0,1;  2,9;  1,5;  0,0;  0,0;  0,0;  0,0;  0,1;  0,0;0,0;0,0;---;---;---
  05/1948;  0,0;  0,0;  0,0;  9,5;  1,4;  0,0;  0,0;  0,0;  0,1;  0,0;  0,0;  0,0;  0,0;  0,0;  0,0;  0,0; 36,8;  1,0;  3,5;  0,4;  0,3;  2,2;  0,6;  0,1;  0,1;  1,0;  0,2; 14,6;0,1;0,3;2,6;36,8;74,8
  06/1948;  0,0;  0,8;  0,0;  0,0;  0,1;  0,0;  0,1;  0,0;  0,0;  0,0;  0,0;  0,0;  0,0;  0,0;  0,0;  0,0;  0,0;  0,0;  0,1;  0,0;  0,1;  0,0;  0,1;  0,1;  0,1;  0,1;  0,0;  0,0;0,0;0,0;---;0,8;1,6
  07/1948;  0,0;  0,0;  0,0;  1,5;  0,0;  0,0;  0,0;  0,1;  0,0;  0,1;  0,1;  0,0;  0,0;  0,0;  3,2;  0,3;  0,0;  0,1;  0,0;  1,7;  0,0;  0,0;  0,0; 11,4;  0,1;  0,0;  0,0; 17,7;2,7;26,1;1,2;26,1;66,3
  08/1948;  0,0;  5,5;  0,0;  0,0;  0,0;  6,6; 20,3;  2,7;  0,0;  0,7;  3,5;  7,5; 10,9;  0,1;  0,0;  0,1;  0,1;  0,0;  0,0;  0,0;  0,0;  0,0;  0,0;  0,0;  0,0;  0,0;  0,4;  1,4;0,2;0,0;0,1;20,3;60,1
  09/1948;  0,0;  0,0;  0,0;  0,0;  0,0;  0,0;  0,0;  0,0;  0,0;  0,0; 19,6;  0,3;  0,0;  0,2;  0,0;  0,0;  0,0;  0,1;  0,0;  0,0;  1,5;  0,0;  0,0;  0,0;  0,0;  0,0;  0,0;  0,0;0,1;0,0;---;19,6;21,8
  10/1948;  0,0;  0,0;  2,7; 19,2;  0,8;  3,0;  0,3;  0,0;  0,0;  4,5; 15,2; 27,2;  0,1;  0,0;  1,8;  0,2;  0,0;  0,0;  0,0;  0,0;  0,0;  0,0;  0,0;  1,8;  8,4;  0,0;  0,3; 10,9;13,5;6,2;0,0;27,2;116,1
  11/1948;  0,0;  0,1;  0,0;  0,0;  0,2;  4,6;  0,0;  9,1;  7,3; 19,0;  0,0;  1,6;  0,3;  0,0;  0,2;  3,4;  1,8;  0,0;  0,0;  6,6;  0,1;  2,8;  0,0;  0,0;  0,0; 14,7;  3,2;  2,1;0,0;0,0;---;19,0;77,1
  12/1948;  0,1;  7,6;  0,1;  1,5;  0,0;  0,0;  0,0; 12,5; 21,2;  0,0;  0,0;  0,0;  0,0;  0,2;  0,0; 32,7; 26,6; 16,2;  0,0;  0,0;  0,1;  0,0;  0,0;  4,0;  0,0;  0,0;  0,1;  0,0;0,0;0,0;0,0;32,7;122,9
  01/1949;  0,0;  0,2;  0,0;  1,1;  1,2;  0,0; 27,2; 10,5;  6,5; 16,0; 68,8;153,4; 11,9;  3,3;  0,0;  0,5;  9,3;---;---;---;---;---;---;---;---;  0,4;  0,0;  0,0;0,0;25,7;0,3;---;---
  02/1949;  1,0;  0,2;  7,9;  0,2;  1,2;  5,4;  5,4; 71,2;  0,7;  0,0;  0,0;  0,1;  0,5;  0,0;  0,0; 85,0;  0,9;  2,7;  0,0;  5,5; 27,3;  0,0;  3,3;  0,0;  0,0;  1,6;  0,2;  0,0;---;---;---;85,0;220,3
  03/1949;  4,6;  0,0;  4,7;  0,3;  0,8; 32,3;  5,4; 11,4;  0,0;  0,0;  0,0;  0,0;  0,0;  0,0;  0,0;  0,0;  0,0;  0,0; 32,2;  0,4;  0,0;  4,1;  0,0; 52,4; 21,6; 15,2;  7,0;  8,3;---;34,9;1,3;---;---
  04/1949;  0,0; 23,6; 28,4;  1,5;  0,0;  0,0;  0,0;  0,0;  0,0;  0,0;  0,0;  0,0;  0,0;  0,0;  0,0;  0,0;  0,0;  0,0;  0,0;  0,0;  0,0;  0,0;  0,0;  8,3;  2,1;  0,0;  0,0;  0,0;0,0;---;---;---;---
  05/1949;  0,0;  0,0;  0,0;  5,6;  0,0;  0,0;  0,0;  0,0;  0,0;  0,0; 22,3;  6,7;  0,0;  0,0;  1,4;  0,5;  1,2;  0,0;  0,1;  0,0;  0,0;  0,0;  0,1;  0,0;  0,0;  0,0;  0,0;  0,0;0,0;0,0;0,0;22,3;37,9
  06/1949;  0,0;  0,0;  0,0;  0,0; 15,2;  0,0;  0,0;  0,0;  0,0;  0,0;  0,0; 20,6;  0,0;  0,0;  0,0;  0,0;  0,0;  0,0;  0,0;  0,0;  0,0;  0,0;  0,1;  0,1;  0,0;  2,8;  0,0;  0,1;0,0;2,6;---;20,6;41,5
  07/1949;  0,2;  0,0;  0,0;  0,1;  0,1;  0,1;  0,4;  0,0;  0,0;  0,0;  0,0;  0,0;  0,0;  0,0;  0,0;  0,0;  0,1;  2,5;  0,0;  0,0;  0,4;  0,0;  0,0;  6,7;  0,0;  0,0;  0,0;  0,1;0,0;0,0;0,1;6,7;10,8
  08/1949;  0,0;  0,1;  0,0;  0,0;  0,0;  0,0;  0,0;  0,0;  0,0;  0,7;  0,0;  0,0;  0,0;  0,0;  0,1;  0,0;  0,1;  0,0;  0,0;  0,0;  0,0; 10,2;  0,0;  0,0;  3,0;  0,0;  0,0;  0,0;0,0;2,3;0,0;10,2;16,5
  09/1949;  0,0;  0,0;  0,0;  0,0;  1,1; 15,6;  0,0;  0,0;  0,1;  0,1;  0,1;  0,5;  0,1;  0,1;  0,2;  0,0;  0,0;  0,7;  0,0;  0,1;  0,4;  0,0;  0,0;  0,0;  0,0;  0,0;  0,5;  0,0;0,0;0,0;---;15,6;19,6
  10/1949;  0,0;  0,0;  0,0;  1,8;  2,2;  5,6;  3,0;  0,0;  1,1;  0,0;  0,0;  9,3;  0,0;  0,0;  0,0;  7,0; 15,1;  1,3;  0,0;  0,0;  0,7;  0,1;  0,0;  0,0;  0,0;  2,5;  0,0;  3,4;1,5;0,6;0,0;15,1;55,2
  11/1949;  0,0;  0,0;  0,0;  0,0;  0,0; 47,0;  0,3;  0,0; 37,1; 12,6;  0,1;  0,0;  0,0;  0,0;  0,0;  0,0;  0,0;  7,2;  0,0;  0,0;  0,6;  0,7;  0,0;  0,0;  0,0;  0,0;  0,0;  0,0;0,0;1,1;---;47,0;106,7
  12/1949; 18,7; 64,4;  0,0;  0,1;  0,0;  0,0; 15,0;  6,2;  1,4;  2,7;  0,0; 32,4;  0,6;  0,0;  3,9; 11,7;  3,4;  0,0;  0,0;  0,0;  0,0;  2,8; 43,2;  2,5;  3,6; 10,5;  3,8;  3,0;0,1;0,3;0,0;64,4;230,3
  01/1950;  0,0;  0,0;  0,1;  0,0; 54,5;  0,2; 36,4; 15,7;  3,6; 17,4; 21,3;  3,1;  8,5;  0,1;  0,0; 38,5;  6,9; 10,3; 26,7; 15,3;  2,4;  9,8; 31,7;  0,3;  4,2;  3,5;  4,6;  0,4;14,2;0,4;2,5;54,5;332,6
  02/1950;  0,1;  0,0;  0,0; 15,0;  3,5; 18,5;  3,5;  3,2; 53,7; 28,8;  3,9;  0,0;  0,0;  0,0;  0,1;  5,0; 39,0;  3,3;  0,0;  4,0;  4,6; 23,5;  4,5;  5,4;  0,0;  0,0;  0,0; 31,0;---;---;---;53,7;250,6
  03/1950;  0,1;  0,0;  0,0;  0,0;  2,3;  0,3;  0,0;  8,0;  0,0;  0,3;  0,0;  0,0;  0,0;  0,0; 20,5;  5,1; 10,6;  9,5; 49,1; 21,6;  5,7;  0,0;  0,0;  0,0;  0,0;  6,0;  0,0;  0,0;0,0;0,0;17,2;49,1;156,3
  04/1950; 36,7;  5,2;  2,3;  0,0;  0,0;  0,0;  0,0;  0,0;  0,0;  0,0;  0,0; 19,0; 13,9;  5,0; 18,3;  0,0;  0,0;  4,6;  5,8;  7,9;  0,1;  0,1;  0,0;  0,0;  0,0;  6,3;  5,5;  4,5;10,1;0,0;---;36,7;145,3
  05/1950;  0,0;  0,1;  0,1;  0,0;  0,0;  0,0;  0,0;  0,0;  0,0;  0,0;  0,0;  0,0;  0,0;  0,0;  0,1;  0,1;  0,0;  0,0;  0,0;  0,0;  0,0;  0,1;  0,0;  0,0;  0,1;  0,0;  0,1;  0,0;1,9;0,3;0,0;1,9;2,9
  06/1950;  0,0;  0,0;  0,1;  0,1;  0,0; 13,0;  0,6;  0,0;  0,1;  0,0;  0,0;  0,0;  0,0;  0,0;  0,0; 10,0;  0,0;  0,2;  0,0;  6,0;  0,0;  0,0;  0,0;  2,2;  0,0;  0,0;  0,0;  0,0;0,0;0,0;---;13,0;32,3
  07/1950; 16,5;  0,0;  0,0;  0,3;  3,6;  0,0;  0,1;  0,0;  3,3;  0,0;  0,0;  0,0;  0,0;  0,0;  0,0;  0,0;  0,1;  0,0;  0,0;  0,1;  0,1;  0,0;  0,0;  0,1;  0,0;  0,1;  0,0;  0,0;0,1;0,0;0,0;16,5;24,4
  08/1950;  0,1;  0,0;  0,0;  0,0;  0,0;  0,0;  0,0;  0,0;  0,0;  0,0;  0,0;  0,0;  0,0;  0,0;  0,0;  0,0;  0,0;  0,0;  0,0;  0,0;  0,0;  0,0;  0,0;  0,0;  0,0;  0,0;  0,0;  0,0;0,0;0,0;0,0;0,1;0,1
  09/1950;  0,1;  0,0;  0,0;  0,0;  0,0;  0,0;  0,0;  0,0;  0,0;  0,3;  0,0;  0,0;  0,0;  0,0;  0,0;  0,1;  0,0;  0,0;  0,0;  0,0;  2,5;  2,0; 19,5;  1,1;  9,8;  0,0;  0,0;  0,0;0,0;0,0;---;19,5;35,4
  10/1950;  0,0;  8,1;  0,0;  0,0; 20,3; 13,0;  0,0;  0,0;  9,6;  1,2;  0,8; 54,7;  8,6; 18,5;  4,3;  0,0; 11,0;  2,0; 62,5;  0,0;  0,0;  0,0;  0,0;  1,5;  0,2;  0,0;  0,0;  0,0;0,0;1,0;0,5;62,5;217,8
  11/1950;  0,2;  0,2;  0,0;  0,0;  0,0;  0,0;  0,0;  7,5;  0,1;  0,0;  2,7;  0,0; 31,5;  0,0;  0,0;  0,0; 12,2;  0,3;  0,0;  1,5;  0,0; 24,1;  0,0;  0,0;  0,0; 42,4;  0,3;  7,0;0,3;0,0;---;42,4;130,3
  12/1950;  0,0;  0,0;  0,0;  0,0;  6,6;  3,0;  1,9;  0,0; 18,4;  0,0;  0,0;  0,0;  8,3;  9,4; 60,1;  1,5;  0,0;  0,0;  0,0;  0,0;  0,0; 45,8;  0,0;  5,9;  0,0;  0,0;  3,0;  2,8;2,1;6,2;0,0;60,1;175,0
  01/1951;  0,0;  0,0;  5,1; 31,6; 17,0; 11,3;  1,1; 17,0;  0,0;  0,0;  3,0;  0,0;  0,4; 17,4; 47,5;  1,7;  0,6; 61,6;  1,5;  7,7;  6,6;  0,0;  0,0;  4,5; 16,5; 77,8;  3,4;  9,2;16,0;2,7;0,0;77,8;361,2
  02/1951;  0,0;  0,0;  0,0;  8,6;  0,0; 51,3;  4,2; 35,5;  0,0;  3,3;  4,8;  0,0;  0,0;  0,2;  6,7;  0,0; 13,5;  5,4;  2,0; 21,4;  0,0;  0,0;  0,0;  6,3;  0,0;  9,7;  0,0;  0,0;---;---;---;51,3;172,9
  03/1951;  0,0;  0,0;  0,0;  0,0;  0,0; 12,8; 14,3; 13,6;  0,0;  0,0;  0,0;  8,3;  3,7;  0,0; 24,3;  9,2;  0,0;  1,8;  6,3;  0,0;  0,0;  0,0;  0,0;  0,0;  0,0;  1,4;  0,0;  0,0;7,1;0,0;0,0;24,3;102,8
  04/1951;  3,2; 28,6;  5,8;  1,2;  0,0;  0,0;  0,0;  0,0;  0,0;  0,0;  0,0;  0,0;  0,0;  0,0;  4,6;  0,0;  0,0;  0,0;  0,0;  0,0;  0,0;  1,3;  0,0;  0,0;  0,0;  0,0;  2,8;  0,0;0,0;0,0;---;28,6;47,5
  05/1951;  0,0;  0,0;  2,2;  4,3;  1,4;  0,0;  0,0;  0,0;  0,0;  0,0;  0,0;  0,0;  0,0;  0,0;  0,0;  0,0;  0,0;  0,0;  1,2;  0,0;  0,0;  0,0;  0,0;  0,0;  0,1;  0,0;  0,0;  0,0;0,0;20,4;0,1;20,4;29,7
  06/1951;  1,4;  1,0;  0,2;  0,1;  0,0;  0,0;  1,2;  0,0;  0,0;  0,0;  0,0;  0,0;  0,0;  0,1;  0,0;  0,0;  0,0;  0,1;  0,0;  0,0;  0,0;  0,0;  0,0;  0,0;  0,0;  1,0;  0,6;  0,0;7,0;0,0;---;7,0;12,7
  07/1951;  0,0;  0,1;  0,0;  0,0; 42,4;  0,0;  0,0;  4,3;  0,0;  0,3;  0,0;  0,0;  0,0;  0,0;  0,0;  0,0;  0,0;  0,0;  0,0;  0,0;  0,0;  0,0;  0,0;  1,0;  0,1;  0,0;  0,0;  0,1;0,0;0,0;0,0;42,4;48,3
  08/1951;  0,0;  0,0;  0,0;  0,0; 13,6;  0,1;  0,0;  0,0;  0,0;  0,0;  0,0;  0,0;  0,0;  0,0;  0,0;  0,3;  0,0;  0,0;  0,0;  0,0;  0,0; 21,5;  0,0;  0,0;  0,0;  0,0;  0,0;  0,0;0,3;11,6;0,0;21,5;47,4
  09/1951;  0,0;  0,0;  0,0;  0,0;  0,0;  0,0;  0,0;  0,0;  0,0;  0,0;  0,0;  0,0;  0,0;  0,0;  0,0;  0,3;  5,6;  2,3;  0,0;  0,0;  0,0;  0,0;  0,0;  0,0;  0,0;  0,0;  0,0;  0,0;0,0;0,0;---;5,6;8,2
  10/1951;  2,4;  0,0;  0,0;  0,0;  0,0;  8,2;  0,0;  0,0;  0,0;  0,0;  3,4;  0,0;  0,0;  2,6; 12,6;  0,0;  0,0;  0,0; 21,4; 16,4; 16,0;  0,0;  0,0;  0,0; 25,1;  3,7;  0,0; 11,7;27,3;0,0;0,0;27,3;150,8
  11/1951;  0,0;  0,0;  0,0;  0,0;  0,2;  5,9;  7,0;  0,0;  0,0;  0,0;  0,0;  0,0;  0,0;  0,0; 11,5;  0,0; 16,4;  0,0;  3,5;  0,0;  0,0;  0,0;  0,0;  1,8; 48,2; 11,1;  0,1;  4,9;4,2;1,3;---;48,2;116,1
  12/1951;  0,0;  0,0;  9,0;  0,0;  0,0;  1,5;  0,0; 51,3;  0,0;  0,0; 33,2;  0,0;  0,0;  0,0;  0,0; 20,8;  2,1;  0,0;  0,0;  0,0;  0,0;  4,3;  0,0;  0,0;  0,0;  0,0;  0,0;  0,0;2,2;0,0;4,6;51,3;129,0
  01/1952;---;  0,0;  0,0;  0,0;  0,0;  8,2; 25,9; 12,5;  0,0; 32,2; 21,5;  0,0;  2,2;  0,7;  1,6;  0,0;  0,0; 11,5;  0,0;  0,0;  0,0; 21,5;  0,4;  5,7;  2,9;  0,0;  0,0;  0,0;0,0;0,0;6,6;---;---
  02/1952;  1,2; 31,5;  4,0;  0,0; 10,0;  8,2;  4,7;  0,0;  0,0;  0,0;  7,0; 17,5; 36,8;  0,2;  0,0;  0,0;  0,0;  6,0;  0,2; 89,8; 10,1; 14,2;  0,1; 61,4;  4,0; 14,2;  0,7;  0,2;0,0;---;---;89,8;322,0
  03/1952;  0,0;  1,0;  0,5;  0,0;  0,0;  0,0;  0,0;  0,0; 12,7; 11,7;  0,8;  4,0; 18,3;  1,7; 17,9; 32,3;  0,2;  0,0;  0,3;  0,0;  0,0;  0,0;  4,5;  3,2; 48,2;  0,5;  0,0;  0,0;0,0;0,0;0,0;48,2;157,8
  04/1952;  1,0;  0,0;  0,0;  0,0;  0,0;  0,0;  0,0;  0,0;  0,0;  0,0;  3,7;  7,6;  0,0;  0,0;  0,0;  0,0;  0,0;  0,0;  0,0;  0,0;  0,0;  4,0;  0,3;  0,1;  0,0;  0,0;  0,0;  0,0;0,0;0,0;---;7,6;16,7
  05/1952;  2,5;  0,0;  0,0;  3,0;  4,6;  0,1;  0,0;  0,0;  0,1;  0,0;  0,0;  0,0;  0,0;  0,0;  0,0;  0,0;  0,0;  0,0;  0,0;  0,0;  0,0;  0,0;  0,0;  1,2;  0,2;  0,0;  0,0;  0,0;0,0;0,0;0,0;4,6;11,7
  06/1952;  0,0;  0,0;  0,0;  0,0;  0,0;  0,0;  0,1;  0,0; 10,5;  6,1;  0,0;  0,0; 12,7;  4,6; 21,1; 12,8; 23,6;  0,0;  0,0;  1,5;  3,6;  0,0;  0,0;  0,0;  0,0;  0,0;  0,0;  0,0;0,0;0,0;---;23,6;96,6
  07/1952;  0,0;  0,2;  0,0;  0,0;  0,0;  0,0;  0,0;  0,0;  0,0;  0,1;  0,0;  0,0;  0,0;  0,0;  0,0;  0,0;  0,1;  0,0;  0,0;  0,0;  0,0;  0,0;  0,0;  0,0;  1,2;  0,0;  0,0;  0,0;0,0;0,0;0,0;1,2;1,6
  08/1952;  0,0;  0,0;  0,0;  0,0;  0,3;  0,0;  0,0;  0,0;  0,0;  0,0;  0,0;  0,0;  0,0;  0,0;  0,0;  0,0;  0,0;  1,6;  1,1;  0,0;  0,0;  0,0;  0,0;  0,0;  0,0; 16,0;  0,2;  0,0;0,0;0,0;0,0;16,0;19,2
  09/1952;  0,0;  0,0;  0,0;  0,2;  9,7; 16,8;  0,0;  0,0;  1,6;  0,0;  0,0;  1,7;  0,4;  0,0;  0,3;  3,3;  4,6; 44,2;  0,0;  0,0;  0,0;  0,0;  0,0;  0,0;  0,0;  0,0;  0,0;  0,0;0,0;0,0;---;44,2;82,8
  10/1952;  0,0;  0,0;  0,0;  0,0;  0,7;  0,0;  0,5;  6,1;  0,0;  0,0;  0,0; 15,0;  5,9;  0,0;  0,0;  0,0;  0,0;  7,8; 27,5;  0,0;  0,0;  3,0;  0,1;  0,0; 16,6;  0,0;  0,0; 13,6;0,1;0,0;14,2;27,5;111,1
  11/1952; 18,6; 53,0;  0,2;  1,8;  0,1;  0,0;  0,0;  2,2;  4,0;  0,0;  0,0;  0,0;  0,0;  0,0;  0,0;  0,0;  0,0;  4,2;  6,2; 51,0;  2,5;  0,6;  0,0;  0,0; 14,5;  0,0;  0,0;  0,0;0,0;11,4;---;53,0;170,3
  12/1952; 15,1;  0,0;  0,0;  0,0;  1,1;  0,0;  0,0;  0,0;  0,0;  0,0;  0,0;  0,0;  9,3;  0,0;  0,0;  0,0;  0,0;  0,0; 11,4;  5,3; 12,8;  0,0;  0,0;  0,0; 13,5;  2,1; 11,8;  4,2;16,3;0,0;0,0;16,3;102,9
  01/1953;  0,0;  0,0;  0,0;  0,3; 13,5;  0,8;  0,0; 14,0; 21,0;  0,0;  0,0;  0,0;  0,0;  0,0; 17,2;  0,3; 41,7;  0,0;  0,0;  0,0;  0,0; 11,3;  0,0;  0,0; 66,7;  0,0;  0,0;  0,0;20,7;5,8;1,4;66,7;214,7
  02/1953;  7,8; 19,8;  0,2;  0,0;  0,0;  0,0;  0,0;  0,0;  0,0;  0,0;  0,5; 51,5;  7,0; 68,7; 46,5;  2,1;  0,0;  0,5;  0,0;  5,3;  0,0;  0,0;  0,0;  0,0; 24,2;  0,0;  0,0;  0,0;---;---;---;68,7;234,1
  03/1953;  2,2;  1,1;  0,8;  0,0;  0,0;  0,0;  0,0;  0,0;  0,0;  0,0;  0,5; 17,2; 11,5;  0,0;  0,0;  0,0;  0,0;  0,0;  0,0;  1,5;  5,0; 12,7;  3,4;  0,0;  2,0; 25,0;  5,7;  0,0;0,8;0,0;0,0;25,0;89,4
  04/1953;  2,2;  2,0; 47,7;  0,0; 16,0; 18,7;  5,0; 12,6;  0,6;  0,1;  0,0;  0,0;  0,0;  0,0;  0,0;  0,0; 36,0;  9,3;  0,0;  0,0;  0,0;  0,3;  0,2;  0,2;  0,7;  0,0;  0,3;  0,0;0,5;0,0;---;47,7;152,4
  05/1953;  0,0;  0,0;  0,0;  0,0; 27,1;  0,0;  0,0;  0,0;  0,0;  0,0;  0,2;  0,0;  4,2;  0,0;  0,0;  0,0;  0,0;  0,0;  0,0;  0,0;  0,0;  0,0;  4,3;  0,3;  0,0;  8,5;  6,6;  0,0;0,0;0,0;13,3;27,1;64,5
  06/1953; 10,0;  0,0;  0,0;  0,0;  0,0;  0,0;  0,0;  0,0;  0,0;  9,0;  1,9;  0,0;  0,0;  0,0;  0,0;  0,0;  0,0;  0,0;  0,0;  0,0;  0,0;  0,0;  0,0;  0,0;  0,0;  0,0;  0,0;  0,0;0,0;0,0;---;10,0;20,9
  07/1953;  0,0;  0,0;  0,0;  0,5;  0,0;  0,0;  0,0;  0,0;  0,0; 17,0;  6,9;  1,9;  0,2;  0,0;  0,0;  0,0;  0,0;  0,0;  0,0; 12,5;  0,0;  0,0;  0,0;  0,0;  0,0;  0,0;  0,0;  0,0;0,0;0,0;9,4;17,0;48,4
  08/1953;  3,1;  5,0;  0,3;  0,1;  0,0;  0,0;  0,0;  0,0;  0,0;  0,0;  0,0;  0,0;  0,0;  0,0;  0,1;  0,2;  0,0;  0,0;  0,0;  0,0;  0,0;  0,0;  0,0; 69,0;  0,3;  0,1;  0,0;  0,0;0,0;6,1;0,0;69,0;84,3
  09/1953;  0,2;  0,0;  0,0;  0,0;  0,0;  1,0; 29,5;  0,0;  0,0; 12,0;  1,3;  1,0;  0,0;  0,0;  0,0; 27,6;  0,4;  0,0;  0,0;  0,0;  0,4;  0,0;  0,0;  0,9;  0,0;  0,0;  0,0;  0,0;0,0;0,0;---;29,5;74,3
  10/1953;  0,0;  0,0;  6,9; 16,5; 12,7;  1,5;  0,3;  1,2;  0,0;  0,0;  0,0;  0,4;  3,2;  0,3;  0,0;  0,0;  1,5;  5,2;100,5;  0,0;  0,3; 10,5; 17,2;  0,0;  0,0;  0,0;  0,1;  1,0;1,2;7,0;0,0;100,5;187,5
  11/1953;  1,4; 17,8;  0,0;  0,2;  0,0;  0,0;  0,9;  8,9;  0,0;  0,0;  0,0;  0,0; 10,2; 45,0;  0,2;  0,0;  0,0;  0,0;  1,0; 14,2;  0,0;  0,0;  0,0;  0,0;  0,0;  0,0;  0,0;  0,0;23,8;25,5;---;45,0;149,1
  12/1953;  0,2; 21,5;  6,7;  0,0;  5,3;  1,2;  0,0;  0,0;  0,0;---;---;---;---;---;---;---;---;---;---;---;---;---;---;---;---;---;---;---;---;---;---;---;---
  01/1954;---;---; 18,0; 10,0;  5,5;  6,7;  3,4;  0,4;  2,0;  0,6; 68,0;  0,0;  0,0;  0,1;  0,0;  0,7; 14,5; 25,2;  1,1; 15,0; 22,7;  0,3;  0,0; 24,0;  3,0;  0,0;  0,0; 30,0;0,1;0,0;0,0;---;---
  02/1954;  0,0;  0,0;  0,0;  2,1; 28,5; 14,5;  9,7; 50,0;  0,0;  0,0;  0,0;  0,0;  1,0; 10,6; 18,5; 49,9; 45,2; 10,3; 34,4;  0,3;  0,0;  0,0;  0,3;  0,0;  4,2;  0,0; 12,1;  0,0;---;---;---;50,0;291,6
  03/1954;  5,8;  2,6;  0,0;  0,0;  4,5; 20,1;  0,4;  5,5;  4,5; 42,6; 10,0;  3,2;  0,0;  0,0;  0,0;  0,0;  0,0;  5,9;  0,0;  0,0;  0,0;  0,0;  0,0;  0,0;  0,0;  5,0;  0,0; 10,9;1,6;37,3;1,0;42,6;160,9
  04/1954;  0,0;  1,8;  0,0;  5,7;  2,3;  0,0;  0,0;  0,0;  0,0;  0,0;  0,0;  0,0;  7,5;  0,5;  0,5;  0,0;  0,0;  0,0;  0,0;  0,0;  0,0;  0,0;  0,0;  0,0;  0,0;  0,0;  0,0;  0,4;0,1;0,6;---;7,5;19,4
  05/1954;  4,0;  1,0;  0,0;  0,0;  0,0;  3,0;  0,0;  0,8;  2,0; 16,0;  0,0;  0,0; 27,0;  0,0;  0,0;  0,0;  7,2;  2,9;  2,8; 17,5;  2,2;  0,0;  0,0;  0,0;  0,0;  0,0;  0,0;  0,0;0,5;0,2;0,0;27,0;87,1
  06/1954;  0,0;  0,0;  2,0;  0,7; 14,3;  4,2;  3,7;  0,0;  0,0;  0,0;  0,0;  0,0;  0,0;  1,2;  0,0;  0,0;  0,0;  0,0;  1,0;  0,0;  0,0;  4,6;  0,1;  0,0;  0,0;  0,0;  0,0;  0,0;0,0;0,1;---;14,3;31,9
  07/1954;  0,0;  0,0;  0,0;  0,0;  0,3;  0,0;  0,1;  0,0;  0,0;  0,0;  0,0;  0,0;  0,0;  0,0;  2,8;  7,2;  0,0;  1,0;  0,0;  0,0;  0,0;  0,0;  0,0;  0,0;  0,0;  0,0;  0,0;  0,0;0,0;0,0;0,0;7,2;11,4
  08/1954;  0,0;  0,0;  0,0;  0,0;  0,0;  0,0;  0,0;  0,0;  0,0;  0,1;  0,0;  0,1;  0,0;  0,0;  0,0;  0,0;  0,0;  0,0;  0,0;  0,0;  0,0;  0,3;  0,0;  0,0;  0,0;  0,0;  0,0;  0,1;0,0;0,0;0,0;0,3;0,6
  09/1954;  0,0;  0,0;  0,1;  0,0;  0,0;  0,0;  0,0;  0,0;  0,0;  0,0;  0,0;  0,0;  3,3;  0,5;  0,0;  0,0;  0,0;  0,0;  7,4;  0,6;  0,0;  0,0;  0,0;  0,0;  1,0;  2,0;  0,4;  6,6;0,8;18,0;---;18,0;40,7
  10/1954;  7,3;  0,5; 13,5; 14,2;  0,0;  0,0;  0,6;  0,0;  0,0;  1,2;  0,2;  9,2;  1,3;  9,5;  0,0;  0,0;  0,0; 11,3;  6,3;  0,0; 33,2;  0,2;  0,0;  0,0;  0,0;  0,0;  0,2; 22,5;10,7;1,0;0,0;33,2;142,9
  11/1954;  0,0;  0,0;  0,0;  0,0;  0,0;  0,0;  0,0;  0,0;  0,0;  0,0;  0,0;  0,0;  0,0; 12,0; 16,0;  0,0;  0,2;  0,0;  0,0;  0,0;  0,0;  0,0;  1,4;  4,4;  0,2;  0,0;  0,0;  0,0;0,0;0,0;---;16,0;34,2
  12/1954;  0,0;  0,0; 14,7; 13,8;  0,0;  0,0; 58,5;  0,9;  0,0; 10,0;---;---;---;---;---;---;---;---;---;---;---;---;---;---;---;---;---;---;---;---;---;---;---
  01/1955;---;---;  3,2; 33,9; 14,5;  0,3;  0,0;  0,0;  1,5;  1,5; 23,1; 50,0;  0,7; 63,8;  9,4;  0,0; 11,3;  0,4;  0,0;  0,0;  0,0;  0,0;  0,0;  0,1;  0,0;  0,0;  0,0;  0,0;0,0;4,1;0,0;---;---
  02/1955; 26,3;  0,2;  7,6;  0,0;  0,0;  0,0;  8,2;  0,0;  0,0; 21,0;  0,0;  0,0;  0,0;  0,0;  0,0;  0,0;  0,0;  0,0;  0,0;  2,0;  7,6; 26,0; 19,9;  0,0;  1,8; 26,1;  0,0;  0,0;---;---;---;26,3;146,7
  03/1955; 11,8; 15,2;  4,5;  0,0; 51,4;  2,5;  0,0;  0,0; 19,5;  5,4;  7,5;  0,0;  0,0;  0,0; 25,6;  0,0;  0,0;  0,0;  0,0;  0,0;  0,0;  0,0;  0,0;  0,0;  0,0;  0,0;  0,0;  1,0;5,0;10,7;0,5;51,4;160,6
  04/1955;  0,0;  0,0;  0,0;  4,2;  0,0;  0,0;  0,0;  0,0;  0,0; 16,5;  0,3;  0,6;  0,3;  0,0;  2,7;  0,7;  0,0;  0,0;  0,0;  0,0;  0,0;  0,0;  0,0;  0,0;  0,0;  0,0;  0,0; 10,3;1,0;0,1;---;16,5;36,7
  05/1955;  0,0;  0,0;  0,0;  0,0;  0,0;  0,6;  0,0;  0,0;  0,1;  0,0;  0,0;  0,0;  0,0;  0,0;  0,0; 27,7;  2,3;  2,8;  1,8;  2,8;  0,0;  0,0;  0,0;  1,0;  0,0;  0,0;  0,0;  0,0;0,0;0,4;14,9;27,7;54,4
  06/1955;  2,4;  0,0;  0,0;  0,0;  0,0;  0,0;  0,0;  2,0;  4,8;  1,7;  0,0;  0,0;  4,1;  0,3;  0,0;  2,5;  0,1;  0,0;  0,0;  0,0;  0,0;  0,0;  0,0;  0,0;  0,0;  0,0;  0,0;  0,0;0,0;0,0;---;4,8;17,9
  07/1955;  0,0;  0,0;  0,4; 11,0; 15,3;  0,0;  0,0;  1,1;  0,0;  0,0;  0,0;  0,0;  0,0;  0,0;  0,0;  0,0;  0,0;  0,0;  0,0;  0,0;  0,0;  0,0;  0,0;  0,0;  0,0;  0,0;  0,0;  0,0;0,0;0,6;1,0;15,3;29,4
  08/1955;  0,0;  0,0;  0,0;  0,0;  0,0;  0,0;  0,0;  0,0;  0,0;  0,0;  0,5;  0,0;  0,0;---;---;  0,0;  0,0;  0,0;  0,0;  0,1;  0,0;  0,0;  0,0;  0,0;  0,0; 52,0; 31,5; 45,6;3,6;0,1;0,0;---;---
  09/1955;  0,0;  0,0;  0,0;  1,0;  0,7;  0,0;  0,6;  0,2;  0,0;  0,0;  0,0;  0,0;  0,0;  0,0;  0,0;  0,0;  0,0;  0,0;  0,0;  0,0;  0,0;  0,0;  0,0;  0,0;  0,1;  0,5;  0,2;  0,0;0,0;0,0;---;1,0;3,3
  10/1955;  0,9;  0,0;  0,0;  0,0;  0,0;  0,0;  0,2;  1,4;  0,0;  0,0;  0,0; 19,8;  3,4;  0,0;  0,0;  7,5;  0,2;  0,0;  0,0;  0,0;  1,4;  0,0;  0,0;  1,0;  0,2;  0,0;  0,0; 69,5;0,2;0,6;0,0;69,5;106,3
  11/1955; 51,2; 10,2; 51,5;  0,2;  0,0;  0,0;  0,0;  1,8; 31,1;  3,9;  0,3;  0,0;  0,0;  0,0;  0,0;  0,0;  0,0; 32,5;  3,4;  0,1;  1,0; 35,8;  3,1;  0,3;  0,0;  0,0;  0,0;  0,0;0,0;0,0;---;51,5;226,4
  12/1955;  0,0; 19,2; 33,8;  5,3;  0,0;  0,0;  4,0;  1,2;  0,0;  0,2;  0,0;---;---;---;---;---;---;---;---;---;---;---;---;---;---;---;---;---;---;---;---;---;---
  01/1956;  0,0;  0,0;  0,0;  0,0;  0,0;  0,0;  0,0;  0,0;  0,0;  0,0;  0,0;  0,0;  0,0;  0,0;  0,0;  0,0;  0,0;  5,1;  9,6; 52,7;  2,8;  0,0;  6,0;  1,0; 19,4;  0,0;  3,3;  7,4;0,2;0,6;0,0;52,7;108,1
  02/1956; 38,6;  0,0;  0,0;  0,0;  0,0;  0,0;  0,0;  0,0;  0,0;  0,0; 42,2;  5,6; 15,3;  8,5;  8,0;  5,8;  2,9;  4,4;  0,0; 29,4;  1,2;  0,0;  8,0;  4,8; 10,5;  9,6; 24,1; 42,0;0,0;---;---;42,2;260,9
  03/1956;  1,0;  4,1;  1,2;  0,0;  0,0;  0,0;  0,0;  1,0;  0,3;  0,0;  1,0;  0,4;  9,4; 19,5;  0,0;  0,0;  0,0;  0,0;  4,5;  1,5;  1,2;  0,0;  0,0;  0,0;  0,0;  5,6;  1,5;  0,0;4,2;2,0;19,0;19,5;77,4
  04/1956;  0,0;  0,0;  0,0;  0,0;  0,0;  0,0;  1,6;  0,0;  0,0;  3,5;  0,0;  0,4;  0,6;  0,0;  0,0;  0,0;  0,0;  0,0;  0,0;  0,3;  0,0;  0,0;  0,0;  0,1;  4,5;  0,0;  0,0; 70,5;3,5;0,0;---;70,5;85,0
  05/1956;  0,0; 12,6;  0,7;  0,0; 17,0;  0,0;  0,0;  2,0;  5,2;  3,3;  0,0;  0,0;  0,0;  0,0;  0,0;  0,0;  0,0;  0,0;  0,0;  0,0;  0,6;  6,5;  3,3;  1,0; 73,5; 14,7;  5,5;  0,0;0,0;0,0;0,0;73,5;145,9
  06/1956; 10,5;  2,8;  1,7;  0,0;  0,0;  0,0;  0,0;  0,0;  0,0;  0,0; 22,0;  9,9; 35,5;  4,4; 12,5;  6,0;  0,0;  1,0;  0,0;  0,0;  0,0;  0,0;  0,0;  0,2;  0,0;  0,0;  0,0; 10,5;0,0;0,0;---;35,5;117,0
  07/1956;  0,2;  0,0;  0,0;  0,0;  0,0;  0,0;  2,2;  0,0;  0,0;  0,0;  0,0;  0,0;  0,0;  0,0;  6,8;  0,0;  0,0;  0,0;  0,0;  0,0;  0,0;  0,8;  7,6; 28,8;  0,6;  0,0;  0,0;  0,0;0,0;0,0;14,6;28,8;61,6
  08/1956; 22,0;  0,0;  5,6; 34,1;  1,4;  0,0;  0,0;  0,0;  0,0;  0,0;  0,0;  0,0;  0,0;  0,0;  0,0;  0,0;  0,0;  0,0;  0,0;  0,0;  0,0;  0,0;  0,3;  6,7;  0,0;  0,0;  0,0;  0,0;0,0;0,0;0,0;34,1;70,1
  09/1956;  0,0;  0,0;  0,0;  0,0;  0,0;  0,0;  5,3;  0,0;  0,0; 29,7; 10,4;  3,8;  0,0; 10,6;  2,2;  1,1;  0,0;  0,0;  0,0;  0,0;  0,0;  0,0;  0,0;  0,0;  0,0;  3,0;  0,4;  0,0;7,1;0,0;---;29,7;73,6
  10/1956;  0,0;  0,0;  0,0;  0,0;  0,0;  0,0;  0,0;  0,0;  0,0;  1,4; 46,1; 13,6;  0,0;  0,0;  1,7;  0,0;  0,0;  0,0;  0,0;  0,0;  0,0;  0,0; 36,7;  8,5;  0,0;  0,0;  0,0; 14,7;0,0;7,3;0,3;46,1;130,3
  11/1956;  1,2;  0,2;  0,0;  0,0;  2,3;  0,0;  0,0;  0,0;  0,0; 12,2;  0,0;  0,0;  0,0;  0,0;  0,0;  0,0;  0,0;  0,0;  0,0;  0,0;  0,0;  0,3;  0,0;  0,0;  0,0; 13,6;  1,7;  0,3;0,0;0,0;---;13,6;31,8
  12/1956;  0,0;  0,0;  0,0;  0,1;  1,0;  8,3; 10,4;  6,5;  4,5;---;---;---;---;---;---;---;---;---;---;---;---;---;---;---;---;---;---;---;---;---;---;---;---
  01/1957;  0,0;  0,0;  0,0;  0,0;  0,0;  0,0;  0,0;  0,0;  2,5; 30,3;  2,5;  0,0;  0,0;  0,0; 68,5; 34,0; 63,0;  7,0; 24,2;  0,2;  0,0; 16,4;  0,0;  3,0; 10,3; 16,0;  0,0; 27,7;0,0;1,5;0,0;68,5;307,1
  02/1957;  9,9;  1,0; 12,3; 45,1; 12,8;  9,2;  0,0; 19,8; 14,5;  0,0; 12,4; 12,1;  0,0;  0,0;  6,3;  2,1;  0,0;  0,0;  0,0;  0,5;  0,4;  4,0;  0,0;  2,4;  1,0; 54,9; 28,3;  1,0;---;---;---;54,9;250,0
  03/1957;  1,5;  4,0;  0,0;  0,0;  0,0;  0,0;  1,2;  0,0; 11,5; 15,7;  6,8;  7,6;  0,1;  3,8;  0,5;  8,5;  0,0; 34,4;  0,0;  0,0; 39,5; 48,3; 16,6;  0,0;  0,5;  0,0;  0,0;  0,0;0,0;0,0;0,0;48,3;200,5
  04/1957;  0,7; 25,5; 37,9;  0,0;  0,0;  1,5;  2,2;  0,6;  0,0;  0,0;  0,2;  0,0;  0,0;  0,0; 15,0;  0,8;  0,0;  0,0;  0,0;  0,1;  0,0;  0,0;  0,0;  0,0;  8,6;  3,6;  5,5;  0,0;0,0;21,2;---;37,9;123,4
  05/1957;  6,5;  0,0;  0,0;  0,0;  0,0;  0,0;  0,0;  0,0;  1,5;  0,0;  0,0;  0,0;  0,0;  1,2;  0,0;  0,1; 11,3;  0,0;  0,0;  0,0;  0,0;  0,0;  0,0;  0,0;  0,0;  0,0;  0,0;  8,4;0,0;0,0;0,0;11,3;29,0
  06/1957;  0,0;  0,0;  0,6;  0,7;  0,0;  2,0;  0,0; 20,9;  0,0;  0,0;  0,0;  0,0;  0,0;  0,0;  0,0;  0,0;  0,2;  0,0;  0,0;  0,0;  0,0;  0,0;  0,0;  0,0;  0,0;  0,0;  0,0;  0,0;10,5;0,7;---;20,9;35,6
  07/1957;  0,6;  7,8;  6,8;  0,0;  0,0;  7,7;  0,0;  0,1;  0,0;  0,0;  0,0;  0,0;  0,0;  0,0;  0,0; 14,2;  0,0;  7,2; 13,3;  5,5;  0,0;  0,0;  0,0;  0,0;  2,8;  0,0;  0,0;  0,0;0,0;0,0;0,0;14,2;66,0
  08/1957;  0,0;  3,5;  0,0;  0,0;  0,0;  0,0;  0,0;  0,0;  0,0;  0,0;  0,0;  0,0;  0,0;  1,4;  0,0;  0,0; 30,5; 12,0; 25,0;  0,0;  0,0;  8,0;  0,0;  0,0;  0,0;  0,0;  0,0;  0,0;0,0;0,0;20,3;30,5;100,7
  09/1957;  0,0;  0,0; 65,0; 45,5;  0,5;  0,0;  0,0; 20,0; 14,5;  0,4;  0,0;  0,0;  6,0;  0,0;  0,0;  2,0;  0,6;  0,0;  0,0;  0,0; 15,2;  1,6; 49,2; 21,3;  3,0;  0,0;  0,0;  0,0;0,3;0,0;---;65,0;245,1
  10/1957;  0,0;  0,0;  0,0;  0,0;  0,0;  0,0;  0,0;  0,0;  0,0;  0,0;  0,4; 50,4; 31,8;  0,0;  0,0;  0,0;  0,0;  0,0;  0,0;  0,0;  0,0; 10,2; 13,7;  0,2;  0,0;  0,0; 33,3; 33,7;10,3;24,9;8,1;50,4;217,0
  11/1957;  0,0;  0,0;  0,0; 25,7;  0,0;  0,0;  0,0;  3,0;  4,6; 18,7;  0,3;  0,0;  6,5;  0,6;  1,1;  0,0;  0,0;  2,7;  0,0; 70,8; 11,4;  0,0;  0,0;  0,0;  5,9;  0,0;  0,0;  0,0;0,0;0,0;---;70,8;151,3
  12/1957; 30,3;  0,8;  0,0;  0,3;  6,0;  0,0;  1,9;  0,2;  0,0;  0,0;  0,6;  2,7;  0,6;  1,0; 10,4;  0,2;  5,7;  3,0;  0,0;  0,0;  0,0; 13,5;  0,2;  0,0;  0,0;  0,0;  0,3; 10,6;0,2;0,0;18,6;30,3;107,1
  01/1958;  2,7;  0,2;  0,7;  0,0;  0,0;  0,0;  0,0;  0,0;  0,0;  0,0;  0,0;  3,4;  2,8;  3,7;  6,1;  1,9;  0,0; 47,0;  1,5;  0,1;  0,0;  2,1;  9,2;  4,2; 19,2; 28,0; 81,5; 73,8;2,4;0,0;0,0;81,5;290,5
  02/1958;  0,0; 30,0;  0,0;  3,5; 28,4;  0,0;  3,4;  0,0;  0,0;  4,3;  0,0;  0,0;  0,0;  6,2;  0,3;  0,0;  0,0;  0,0; 11,0;  0,7;  0,3;  0,0;  0,0;  0,0;  5,6; 17,4; 33,3; 16,6;---;---;---;33,3;161,0
  03/1958;  3,7; 42,3; 73,7;  0,0; 12,7;  0,1;  0,0; 39,0;  0,4;  0,0;  0,0;  0,0;  0,0;  0,0;  0,0;  4,2;  7,5;  2,0; 15,0;  0,2;  0,0;  0,0; 16,1;  8,2;  7,2;  0,0;  0,0;  0,0;0,0;0,0;0,0;73,7;232,3
  04/1958;  5,2; 20,7;  0,0;  0,0;  0,0;  0,0;  0,0;  0,0;  5,0; 14,2;  8,4;  0,4;  0,3; 10,7;  1,0;  0,0;  0,0;  0,0; 11,7;  5,0;  2,5;  0,0; 22,4;  3,6;  0,2;  0,0;  0,0;  0,0;0,1;0,0;---;22,4;111,4
  05/1958;  0,0;  0,0;  0,0;  6,7;  0,2;  0,0;  0,0;  0,0;  0,0;  0,0;  0,0;  0,0; 18,7;  8,1;  0,5;  0,0;  0,0;  0,0;  0,0;  0,0;  0,0; 13,9; 48,8;  0,0; 21,0; 15,7;  1,4; 20,5;0,0;0,0;0,0;48,8;155,5
  06/1958;  0,0;  0,0;  0,0;  0,0;  0,0;  0,0;  0,0;  0,0;  0,0;  0,0;  0,0;  0,0;  0,0; 15,5; 41,7;  0,0;  6,8; 21,6;  0,6;  0,7;  0,6;  0,0;  0,0;  0,0;  0,0;  0,0;  0,0;  0,0;0,0;0,0;---;41,7;87,5
  07/1958;  0,0;  0,0;  0,0;  0,0;  0,0;  0,0;  0,0;  0,0;  0,0;  0,0;  0,0;  0,0;  0,0;  0,0;  0,0;  1,9;  0,0; 11,7; 10,0;  0,0;  0,0;  0,0;  0,0;  0,0;  0,0;  0,0;  0,0;  0,0;0,0;0,0;0,0;11,7;23,6
  08/1958;  0,0;  0,0;  0,0; 16,6;  0,2;  0,0;  0,0;  0,0;  0,0;  0,0;  0,0;  0,0;  0,0;  0,0;  0,0;  0,0;  0,0;  0,0;  0,0;  0,0;  0,0;  0,0;  0,0;  0,0;  0,0;  0,0;  0,0;  0,0;0,1;7,5;0,0;16,6;24,4
  09/1958;  0,0;  0,0;  0,0;  0,0;  0,0;  0,0;  0,0; 14,3; 23,5; 24,0;  0,0;  0,0; 20,3; 14,6;  5,8;  0,0;  0,0;  1,0;  0,2;  0,0;  0,0;  0,0;  0,0;  0,0; 10,5;  8,5;  0,1;  0,0;0,0;0,0;---;24,0;122,8
  10/1958;  0,0;  0,0;  1,0;  0,4;  0,0;  0,0; 39,5;  0,0;  0,0;  0,0;  9,5;  0,0;  0,0;  0,0;  0,0;  0,0;  0,0;  4,0;  0,0;  0,0;  0,0;  0,0;  0,0;  9,5;  0,5;  0,0; 49,6; 15,4;29,7;17,6;8,1;49,6;184,8
  11/1958; 39,0;  0,0;  0,0;  0,0;  0,0;  0,0;  0,0;  0,0;  0,0;  0,0;  3,9;  0,1;  9,7;  0,1;  0,0;  0,0;  0,0;  2,3; 25,2;  0,0;  2,0;  1,0;  0,0;  4,6;  0,5; 11,0;  0,0;  0,0;0,0;0,0;---;39,0;99,4
  12/1958;  0,0;  0,0;  0,0;  0,0;  0,0;  0,0; 25,2; 28,8; 35,5;  0,0;  9,6;  0,4;  3,7;  0,0;  0,0;  8,5;  4,4;  8,4; 19,5;  3,1; 43,0;  0,0;  0,0;  0,0;  0,0;  0,0;  0,0;  0,0;0,0;0,0;0,0;43,0;190,1
  01/1959;  0,0;  0,0;  0,0;  6,5; 15,2; 63,5;  0,0;  1,9;  0,8;  0,0;  1,0; 21,0; 24,0;  3,2; 12,6;  3,0;  2,7;  3,2;  2,0;  0,7;  2,0; 17,2;  0,0; 22,2;  0,4; 24,2;  0,0;  0,0;0,0;0,0;0,0;63,5;227,3
  02/1959;  0,0;  1,2; 16,5;  2,0; 29,5;  4,0; 23,5;  0,0;  8,5;  0,0;  0,0;  2,2;  0,0; 25,5;  8,0;  6,2;  1,1;  3,0;  8,5;  5,2; 14,2;  0,0;  0,0;  0,0;  0,0;  0,0;  0,0;  0,3;---;---;---;29,5;159,4
  03/1959;  8,4;  0,0;  0,0;  0,0;  0,0;  0,3;  0,0; 26,9;  0,1;  0,0;  0,0;  0,0; 20,0;  8,6;  9,0;  0,0;  0,0; 10,6;  7,9;  9,0; 25,0;  6,7; 22,7;  0,9;  0,0; 17,3; 10,0;  0,0;0,0;0,0;40,5;40,5;223,9
  04/1959; 66,8; 11,7;  0,6;  6,3;  6,3; 10,3; 12,0; 33,2;  0,0;  0,0;  0,0;  0,0;  0,0;  0,0;  0,0;  0,0;  0,0;  0,0;  0,2;  0,0;  0,0;  0,0;  1,7;  0,0;  9,0;  0,0; 29,4;  1,4;0,0;0,0;---;66,8;188,9
  05/1959;  0,0;  0,0;  0,0;  0,0;  0,0;  0,0;  0,0;  0,0;  0,0;  0,0;  0,0;  1,5;  0,0;  0,0;  0,0;  0,0;  0,0;  0,0; 22,6;  2,1; 11,0;  0,6;  0,0;  0,0;  0,0;  0,0;  0,0;  0,0;0,0;0,0;0,0;22,6;37,8
  06/1959;  0,0;  0,0;  0,0;  0,0;  0,0;  0,2;  0,0;  0,0;  0,0;  0,0;  0,0;  0,0;  0,0;  0,0;  0,0;  0,0;  0,0;  0,0;  0,0;  0,0;  0,0;  0,0;  0,0;  0,0;  0,0;  0,0;  0,0;  0,0;0,0;0,0;---;0,2;0,2
  07/1959;  0,0;  0,0;  0,0;  0,0;  0,0;  0,0;  0,0;  0,0;  0,0;  0,0;  0,0;  0,0;  0,0;  0,0;  0,0;  0,0;  0,0;  0,0;  0,0;  0,0;  0,0;  0,0;  0,0;  0,0;  0,0;  0,0;  0,0;  0,0;0,0;0,0;0,0;0,0;0,0
  08/1959;  0,0;  0,0;  4,0;  1,0;  0,6;  0,0;  1,2;  0,2;  0,0;  0,1;  0,0;  6,2; 27,5;  6,0;  7,2;  0,0;  0,0;  0,0;  0,0;  0,0;  0,0;  0,0;  0,0;  0,0;  0,0;  0,0;  0,0;  0,0;0,0;0,0;0,0;27,5;54,0
  09/1959;  0,0;  0,0;  1,2;  4,4;  3,3; 10,0;  0,0;  0,0;  0,0;  0,0;  0,0;  0,0;  1,0;  0,0;  0,0;  3,0;  0,0;  0,0;  0,0;  0,0;  0,0;  0,0;  0,0;  0,0;  0,0; 10,0;  1,2;  0,0;0,0;0,0;---;10,0;34,1
  10/1959;  0,0;  0,0;  0,0;  0,0;  0,0;  0,0;  0,0;  0,0;  0,0;  0,0;  0,0; 10,0; 25,2;  0,0;  0,3;  0,0;  0,0;  0,0;  8,0;  0,0; 14,3;  7,0;  1,0;  0,0;  0,0;  0,0;  0,0;  0,0;15,3;0,0;0,0;25,2;81,1
  11/1959;  0,0;  0,0;  5,0; 23,4;  0,0; 32,1;  7,2;  4,6;  0,4;  0,0;  0,0;  0,0; 10,8;  0,0;  0,0;  0,0;  0,0;  0,0;  8,0;  0,7;  2,2;  2,4;  0,0;  0,0;  7,4; 68,6;  4,8;  0,1;0,0;0,0;---;68,6;177,7
  12/1959;  0,0;  1,4;  0,0; 17,3; 22,3;  4,1;  0,0; 30,3; 43,7;  0,0;  0,1;  0,0;  0,0;  0,0;  0,0;  0,0;  0,5; 18,4;  0,0;  0,0; 70,5; 15,9;  0,6; 21,1; 29,3; 18,9;  0,0;  0,0;0,0;0,0;0,1;70,5;294,5
  01/1960; 14,1;  0,0;  0,0;  0,0;  0,0;  6,1; 30,6;  4,9; 17,6;  2,4;  9,0; 11,5;  5,2;  0,0;  0,0;  0,0;  0,0;  1,1;  2,3; 11,2; 54,0;  0,0;  0,0;  0,0;  0,8;  0,0;  0,0;  0,0;0,0;0,0;0,3;54,0;171,1
  02/1960;  0,0;  0,0; 63,8;  0,0;  1,6;  0,0;  0,0;  0,0;  5,3;  0,0; 15,0;  2,4; 23,0;  4,8; 13,0;  9,0;  0,6;  0,2; 57,0;  2,3; 41,5; 31,2; 10,2; 12,8;  3,0;  5,2;  0,8;  2,0;45,0;---;---;63,8;349,7
  03/1960;  4,0;  5,4;  4,2;  0,0;  2,4;  0,4;  0,0;  0,0;  0,0;  0,0;  0,0;  9,4;  0,0;  1,8;  7,7;  0,0;  1,0;  0,6;  0,0;  1,4; 19,7;  8,4;  5,3;  0,2;  0,3;  0,0;  0,0;  0,0;0,0;0,0;0,0;19,7;72,2
  04/1960; 14,1;  0,0;  0,0;  0,0;  0,0;  7,0;  0,0;  0,0;  1,5;  0,0;  0,0;  0,0;  0,0;  0,0;  0,0;  0,0;  0,0;  0,0; 35,5; 35,6;  0,0;  0,0;  0,0;  0,0;  0,0;  0,0;  0,0;  0,0;1,0;0,0;---;35,6;94,7
  05/1960;  0,0;  0,0;  0,0;  0,0;  0,0;  0,0;  0,0;  0,0;  0,0;  0,0; 20,7;  0,0;  0,0;  0,0;  0,0; 54,3;  0,0;  0,0;  0,0; 19,1; 16,4;  0,0;  0,0;  0,0;  0,0;  0,0;  0,0;  0,0;0,0;0,0;0,0;54,3;110,5
  06/1960;  0,0;  0,0;  0,0;  0,0;  0,0;  0,0;  0,0;  0,0;  0,0;  0,0;  0,0;  0,0;  0,0;  0,0; 18,0;  0,0;  0,0;  2,5;  0,0;  0,0;  0,0;  0,0;  3,2;  9,0;  0,0;  0,0;  8,5;  2,7;0,0;0,0;---;18,0;43,9
  07/1960;  0,0;  0,0;  0,0;  0,0;  0,0;  0,0;  0,0;  0,0;  0,0;  0,0;  0,0;  0,0;  0,0;  0,0;  0,0;  0,0;  0,0;  0,0;  0,0;  0,0;  0,0;  0,0;  0,0;  0,0;  2,5;  0,0;  0,0;  0,0;0,0;0,0;0,0;2,5;2,5
  08/1960;  0,0;  0,0;  0,0;  0,0;  0,0;  0,0;  0,0;  0,0;  0,0;  0,0;  0,0;  0,0;  0,0;  0,0;  0,0; 22,0;  0,0;  0,0;  0,0;  0,0;  0,0;  0,0;  0,0;  0,0;  0,0;  0,0;  0,0;  0,0;0,0;0,0;0,0;22,0;22,0
  09/1960; 21,1;  0,4;  0,0;  0,0;  0,0;  0,0;  0,0;  0,0;  0,0;  0,0;  0,0;  0,0;  0,0;  0,0;  0,0;  0,0;  0,0;  0,0;  0,0;  0,0;  0,0;  0,0;  0,0;  0,0;  8,5;  0,0;  0,0;  0,5;0,0;0,0;---;21,1;30,5
  10/1960;  0,0;  0,0;  0,0;  0,0;  0,0;  0,0; 17,0;  0,0;  0,0; 46,5;  0,0;  0,0;  0,0;  0,0;  0,0;  0,0; 34,0;  1,0;  1,0;  0,0;  0,0;  0,8;  0,0;  0,0;  0,0; 16,8; 27,0;  0,5;0,0;0,0;0,0;46,5;144,6
  11/1960;  0,0;  0,0;  4,6;  0,0;  2,0;  1,2;  0,0; 10,2;  0,0;  0,0;  0,0; 13,1;  2,6;  0,0;  6,8;  0,0;  3,2;  0,0;  2,3;  0,0;  4,7;  0,0;  0,0;  0,0;  0,0;  5,1;  0,0;  0,0;13,5;1,7;---;13,5;71,0
  12/1960;  2,8;  0,0;  0,0;  0,0;  0,0;  0,0;  7,3;  0,0;  0,0;  0,0;  0,0;  0,0;  0,0;  1,2; 35,1;  6,5;  3,9;133,7;  0,0;  0,0; 48,0; 23,5; 14,5;  7,5;  0,0; 13,0;  1,3;  0,0;0,0;0,0;0,0;133,7;298,3
  01/1961; 12,2; 37,1; 15,1;  0,0;  3,2;  0,5;  2,7;  0,0;  0,0;  1,6;  0,0;  0,0;  0,0; 18,0;  8,0;  0,0;  0,0; 25,0; 46,0;  9,0;  0,0; 11,0;  1,0;  0,4;  0,0;  0,2;  9,2;  3,0;26,3;0,0;0,1;46,0;229,6
  02/1961;  2,6; 33,0;  2,0; 20,0;  1,4;  2,0;  2,0;  0,0;  0,0; 16,0;  0,0; 32,4;  0,0;  0,0;  0,0;  4,0; 50,0;  0,0;  6,4;115,0; 19,2; 22,6; 11,6;  0,0;  0,0;  5,8;  5,2; 48,6;---;---;---;115,0;399,8
  03/1961; 34,8;  0,0;  0,0;  0,0;  0,0;  0,0;  1,0;  5,4;  0,0;  0,0;  0,0;  2,6;  0,0;  1,1;  5,8; 32,3;  0,0; 20,5;  3,1;  0,1;  0,2;  2,8;  0,0;  0,0;  0,0;  0,0; 37,8;  3,4;0,0;0,0;0,0;37,8;150,9
  04/1961;  0,0;  0,0;  0,0;  1,6; 23,9;  9,7;  2,5;  0,0;  0,0;  0,0;  3,5;  0,0;  0,0;  0,0;  0,0;  0,0;  0,0;  1,3;  0,0;  0,0;  0,0;  0,0;  0,0;  0,0; 13,1; 41,7;  3,2;  0,0;0,0;0,0;---;41,7;100,5
  05/1961;  0,0;  0,0;  4,8; 56,2;  0,0;  0,0;  0,0;  4,1;  0,0;  0,0;  0,1;  0,0;  0,0;  0,0;  0,0;  0,0;  0,0;  0,0;  0,0;  0,0;  0,0;  0,0;  0,0;  0,0;  0,0;  0,0;  0,0;  0,0;0,0;0,0;0,0;56,2;65,2
  06/1961;  0,0;  0,0;  0,0;  0,0;  0,0;  0,0;  0,0;  0,0;  0,0;  0,0;  0,0;  0,0;  0,0;  0,0; 10,0;  3,8;  0,0;  0,0;  0,0;  0,0;  0,0; 12,8;  0,0;  0,0;  0,0;  0,0;  0,0;  0,0;0,0;0,0;---;12,8;26,6
  07/1961;  0,0;  0,0;  0,0;  0,0;  0,0;  0,0;  0,0;  0,0;  0,0;  0,0;  0,0;  0,0;  0,0;  0,0;  0,0;  0,0;  0,0;  0,0;  0,0;  0,0;  0,0;  0,0;  0,0;  0,0;  0,0;  0,0;  0,0;  0,0;0,0;0,0;0,0;0,0;0,0
  08/1961;  0,0;  0,0;  0,0;  0,0;  0,0;  0,0;  0,0;  0,0;  0,0;  0,0;  0,0;  0,0;  0,0;  0,0;  0,0;  0,0;  0,0;  0,0;  0,0;  0,0;  0,0;  0,0;  0,0;  0,0;  0,0;  7,5;  5,2;  0,0;0,0;0,0;0,0;7,5;12,7
  09/1961;  0,0;  0,0;  0,0;  0,0;  0,0;  0,0;  2,8;  2,4;  0,0;  0,0;  0,1;  1,5;  0,0;  0,0;  0,0;  0,0;  0,0;  0,0;  0,0;  0,0;  0,0;  0,0;  1,0;  0,0;  0,0;  0,0;  0,0;  0,0;0,0;0,0;---;2,8;7,8
  10/1961;  0,0;  0,0;  0,0;  0,0;  0,0;  0,0;  0,0;  0,0;  1,3;  0,0;  0,0;  0,7;  2,4;  1,0;  3,1; 11,8; 20,9; 68,1;  0,0;  0,0;  0,0;  0,0;  0,9;  0,9;  0,0; 18,9;  0,0;  0,0;0,0;9,5;34,1;68,1;173,6
  11/1961;  3,2;  2,8;  8,7; 58,5;  0,4;  0,5; 10,5;  0,0;  0,0;  0,0; 13,1; 13,2;  0,0;  0,0; 14,8;  0,0;  0,0;  0,0;  0,0;  4,5;  0,0;  6,4; 10,6;  2,9;  0,0;  0,0; 30,5;  2,5;0,0;0,0;---;58,5;183,1
  12/1961;  0,0;  6,1; 11,2;  1,6;  0,0;  0,0;  0,0;  0,0;  0,0;  0,0;  6,2;  0,0;  0,0;  0,0;  2,9;  1,2;  1,1; 18,5;  0,0;  1,5;  0,0; 57,8;  0,0; 13,5;  1,3; 18,9; 13,1;  0,1;22,5;4,3;0,3;57,8;182,1
  01/1962;  0,0;  0,0;  7,4;  4,4;  0,0;  0,0;  0,0; 21,7;  1,2;  0,0;  0,0;  0,0;  0,0;  0,0;  0,4;  1,6; 13,4; 19,6;  9,2;  3,4;  0,0;  6,4;  2,0;  0,0;  0,0;  0,4;  3,2;  1,0;0,4;1,4;1,0;21,7;98,1
  02/1962;  0,0;  0,0;  2,9; 45,0;  7,8;  4,6;  0,0;  0,0; 17,2;  0,0;  0,0;  0,0;  0,0;  0,0;  0,0; 22,8;  0,0;  0,0; 15,2;  0,2;  0,0; 30,0;  6,4; 32,0;  6,6;  0,0;  0,0;  0,0;---;---;---;45,0;190,7
  03/1962;  0,0;  0,0; 40,0;  0,0;  0,0;  1,6;  0,0;  0,0;  0,0;  0,0;  4,0; 74,2; 57,0; 16,6; 21,8; 21,0;  3,4; 14,0;  0,1; 14,6;  0,0;  0,0;  0,0;  0,0; 13,4;  0,0;  0,0;  0,0;0,0;0,0;0,0;74,2;281,7
  04/1962;  0,0;  0,0;  0,0;  0,0;  0,0;  0,0;  0,0;  0,0;  0,0; 39,4;  0,0;  0,0;  0,0;  0,0;  0,0;  0,0; 17,0;  0,0;  2,2;  0,0;  0,0;  0,0;  0,0;  0,0;  0,0;  2,4;  0,0;  0,0;4,2;9,0;---;39,4;74,2
  05/1962;  0,0;  0,6;  1,0;  9,4;  1,8;  0,0;  0,0;  1,0;  0,0;  0,0;  0,0;  0,0;  0,0;  0,0;  0,0;  0,0;  0,0;  0,0; 10,9;  0,0;  0,0;  0,0;  0,0;  0,0;  0,0;  0,0;  0,0;  0,0;0,0;0,0;0,6;10,9;25,3
  06/1962;  0,0;  0,0; 12,2;  2,2;  0,0;  0,0;  1,0;  2,6;  0,1;  0,0;  0,0;  0,0;  0,1;  0,4;  0,0;  0,0;  0,0;  0,0;  0,0;  0,0;  0,0;  0,2;  0,0;  0,0;  0,0;  0,0;  0,0;  0,0;0,0;0,0;---;12,2;18,8
  07/1962;  0,0;  0,0;  0,0;  0,0;  0,0;  0,0;  0,0;  0,0;  0,0; 22,0;  0,0;  0,0;  0,0;  0,0;  0,0;  0,0;  0,0;  0,0;  1,0;  0,1;  0,0;  0,0;  0,0;  8,2;  0,2;  0,0;  0,0;  0,0;0,0;0,0;0,0;22,0;31,5
  08/1962;  0,0;  0,0;  0,0;  0,0;  0,0;  0,0;  0,0;  0,0;  0,0;  0,0;  0,0;  3,5;  0,0;  0,0;  0,0;  0,0; 10,0;  0,0;  0,0;  0,0;  0,0;  0,0; 34,0;  0,0;  0,0;  0,0;  0,0;  0,0;0,0;0,0;0,0;34,0;47,5
  09/1962;  0,0;  0,0;  0,0;  1,0;  1,0;  0,0;  0,0;  0,0; 27,2;  0,5;  0,0;  1,0;  0,0;  0,8;  0,0;  0,0;  0,0;  0,0;  0,0;  0,0;  2,0;  7,0;  1,0;  1,2;  0,8;  0,0;  0,0;  0,0;3,5;8,4;---;27,2;55,4
  10/1962;  2,8;  5,6; 17,0; 15,8;  5,0;  0,0;  0,0;  0,0; 23,0; 11,4; 12,6;  8,8;  0,0;  0,0;  0,0;  0,0;  1,0;  6,0; 16,0;  7,6;  0,0;  0,0;  0,0;  0,0; 16,0;  0,0;  0,0;  0,0;6,6;3,0;32,4;32,4;190,6
  11/1962;  0,0;  0,0;  0,0;  0,0;  0,0;  0,0; 40,7;  1,0; 18,0;  5,7;  0,0;  0,0;  0,0;  0,0;  0,0;  0,0;  0,0;  0,0;  1,0;  1,0; 11,0; 13,8;  0,0;  0,0;  0,0;  0,0;  0,0;  0,0;0,0;38,0;---;40,7;130,2
  12/1962;  0,0;  0,0;  0,0; 20,2;  0,0; 16,0;  0,3;  0,1;  0,0;  0,3;  0,0; 45,5; 30,2;  0,1;  1,0;  0,0;  0,0;  5,2; 12,3;  3,3;  0,0;  0,0;  0,0;  0,0; 14,8;  0,0; 11,0; 12,3;0,1;67,2;9,1;67,2;249,0
  01/1963; 16,5; 17,0;  0,0;  0,0;  0,0;  0,0; 10,0;  0,0;  0,0; 21,0; 24,4; 52,6; 40,0;  0,0;  4,0; 21,0;  3,8;  7,0;  0,2;  6,0;  0,0;  0,0;  3,6;  0,0;  0,0; 35,5;  0,0;  0,0;0,0;0,0;1,6;52,6;264,2
  02/1963;  0,0;  0,0;  1,8;  8,0; 18,2; 42,2; 10,5;  2,6;  0,0;  0,0;  0,0;  0,0;  0,0;  2,2;  1,7;  0,0;  5,0;  3,3; 43,0; 34,0;  8,6; 10,6;  0,0;  0,0; 42,0; 14,6; 10,0;  0,0;---;---;---;43,0;258,3
  03/1963;  0,0;  0,0;  0,0;  2,2;  0,0;  0,0; 31,0;  6,6;  0,0;  0,1;  0,0; 21,2;  0,0;  0,0;  1,8;  0,0;  0,0;  0,0;  0,0;  0,0;  0,0;  0,0;  0,0; 26,2;  2,0;  8,8;  0,0;  0,6;0,6;10,0;0,0;31,0;111,1
  04/1963;  0,0;  0,0;  0,0;  0,0;  0,0;  0,0;  0,0;  0,0;  0,0;  0,0;  0,0;  0,0;  0,0;  0,0;  0,0;  2,6;  6,2;  0,0;  0,0;  0,0;  0,0;  0,0;  0,0;  0,0;  0,0;  0,0;  0,0;  0,0;0,0;0,0;---;6,2;8,8
  05/1963;  0,0;  0,0;  0,0;  0,0;  0,0;  0,0;  0,0;  0,0;  0,0;  0,0;  0,0;  0,0;  0,0;  0,0;  0,0;  4,4;  1,0;  0,0;  0,0;  0,0;  0,0;  0,0;  0,0;  0,0;  0,0;  0,0;  0,0;  0,0;0,0;0,0;0,0;4,4;5,4
  06/1963;  0,0;  2,5;  0,0;  0,0;  0,0;  0,0;  0,0;  0,0;  0,0;  0,0;  0,0;  0,0; 14,0; 10,8;  0,0;  0,0;  0,0;  0,0;  0,0;  1,0;  0,0;  0,0;  0,0;  0,0;  0,0;  0,0;  0,0;  0,0;0,0;0,0;---;14,0;28,3
  07/1963;  0,0;  0,0;  0,0;  0,0;  0,0;  0,0;  0,0;  0,0;  0,0;  0,0;  0,0;  0,0;  0,0;  0,0;  0,0;  0,0;  0,0;  0,0;  0,0;  0,0;  0,0;  0,0;  7,2;  0,0;  0,0;  0,0;  0,0;  0,0;0,0;0,0;0,0;7,2;7,2
  08/1963;  0,0;  0,0;  0,0;  0,0;  0,0;  0,0;  0,0;  0,0;  0,0;  0,0;  0,0;  0,0;  0,0;  0,0;  0,0;  5,2;  2,2;  0,0;  0,0;  0,0;  0,0;  0,0;  0,0;  0,0;  0,0;  0,0;  0,0;  0,0;0,0;0,0;0,0;5,2;7,4
  09/1963;  0,0;  0,0;  0,0;  0,0;  0,0;  0,0;  0,0;  0,0;  0,0;  0,0;  0,0;  0,0;  0,2;  0,2;  0,0;  0,0;  0,0;  0,0;  0,0;  0,0;  0,0;  1,2;  0,0;  0,0;  0,0;  0,0;  7,8;  6,0;3,6;1,4;---;7,8;20,4
  10/1963;  0,0;  0,0;  0,0;  0,0;  6,2;  0,2; 15,6;  0,0;  0,0;  0,0;  0,0;  0,0;  0,0;  0,0;  0,2;  0,0;  0,0;  1,1;  4,0;  0,4;  0,0; 46,5;  5,5;  0,0;  0,0;  0,0;  2,0; 16,4;0,0;0,0;0,0;46,5;98,1
  11/1963;  0,0;  0,0;  0,0;  0,0;  0,0;  0,0; 10,0;  2,6; 12,0; 15,6;  0,0;  0,0;  3,0; 20,2;  0,0; 19,5;  0,0; 21,2;  8,8;  2,4; 11,6;  0,0;  0,0;  0,0;  0,0;  0,0; 21,4;  2,2;3,1;2,1;---;21,4;155,7
  12/1963;  0,0;  5,8;  0,0; 15,7;  0,0; 28,5;  0,0; 35,9;  1,4;  0,0;  0,0;  0,0;  1,5;  0,0;  0,0;  0,0;  0,0;  0,0;  0,0;  3,1;  0,0;  0,0;  0,0;  0,0;  0,0;  0,0;  0,0;  0,0;0,0;0,0;16,1;35,9;108,0
  01/1964;  0,0;  0,0;  0,0;  0,0;  0,0;  0,0;  0,0;  0,0;  0,0;  0,0;  0,0;  0,1;  0,0;  0,0;  0,0;  0,0;  0,4;  0,0;  0,0;  0,0;  0,0; 21,3;  7,2;  0,5; 17,1;  8,2;  0,0;  0,0;0,0;0,0;0,0;21,3;54,8
  02/1964;  0,0; 22,0;  9,0;  2,6;  0,0;  0,0;  0,0;  5,6; 18,0;  0,0;  0,0;  4,2; 55,2; 24,7; 15,2;  0,6;  7,4;  1,6; 11,0; 62,6; 10,2; 11,0;  0,0;  0,0;  0,0;  0,0;  0,0;  9,0;4,4;---;---;62,6;274,3
  03/1964;  0,0;  0,0;  0,0;  0,0;  0,0;  0,0;  0,0;  7,6;  0,5;  0,0;  0,0;  0,0;  0,0;  0,0;  2,3;  0,0;  0,4;  1,0;  0,0;  0,0;  0,0;  0,0;  0,0;  0,0;  0,0;  0,0;  0,0; 10,0;19,0;3,0;37,2;37,2;81,0
  04/1964;  0,4;  0,6;  0,0;  0,0;  0,0;  0,0;  0,0;  0,0;  0,0;  0,0;  0,0;  0,0;  0,0;  0,0;  0,0;  0,0;  7,0; 10,2;  8,0;  0,0;  0,0; 48,2;  2,0;  0,0;  1,1;  0,0;  0,0;  0,0;1,0;11,5;---;48,2;90,0
  05/1964; 68,1;  0,0;  1,7;  0,0;  2,0; 16,6;  0,0;  0,0;  0,0;  0,0;  0,0;  0,0;  0,0;  5,8;  0,6;  0,0;  0,0;  0,0;  0,0;  0,0;  0,0;  0,0;  0,0;  0,0;  0,0;  0,0;  0,0;  0,0;4,2;2,0;0,4;68,1;101,4
  06/1964;  0,1;  0,0;  0,0;  0,0;  0,0;  0,0;  0,0;  0,0;  0,0;  0,0;  2,6;  1,5;  7,0;  5,4;  0,0; 11,0;  0,0;  0,0;  0,0;  0,0;  0,0;  0,0;  0,0;  0,0;  0,0; 10,8;  0,0;  3,4;2,0;5,0;---;11,0;48,8
  07/1964;  0,0; 13,0;  0,0; 17,4;  0,2;  1,2;  0,0;  0,0;  5,6;  0,0;  0,0;  0,1;  0,0;  0,0;  0,0;  0,0;  5,2;  0,0;  0,0;  0,0;  0,0;  0,0;  0,0; 23,6;  0,0;  0,0; 11,2;  0,1;0,0;0,0;0,0;23,6;77,6
  08/1964;  0,0;  0,0;  0,0;  4,0;  0,0;  0,0;  0,0;  0,0;  0,0;  0,0;  0,0;  8,2;  0,0;  0,0;  0,0;  0,0;  0,0;  0,0;  0,0; 15,0;  1,0;  2,4;  0,4;  0,0;  0,0;  0,0;  0,0;  0,0;0,0;0,0;0,0;15,0;31,0
  09/1964;  0,0;  0,0; 15,4;  0,0;  0,0;  0,0;  0,0;  0,0;  0,0;  0,0; 11,2;  5,2;  0,0;  0,0;  0,0;  0,0;  0,0;  0,0;  0,0;  0,0;  0,0;  0,0;  0,0;  8,0; 21,0; 16,2;  2,4;  9,0;0,0;0,0;---;21,0;88,4
  10/1964; 27,0;  1,0;  2,0;  1,0;  0,0;  0,0; 17,4; 11,8;  0,0;  0,0;  0,0; 22,0;  0,0;  0,0;  0,0;  0,0;  0,0;  0,0;  0,0;  2,6; 23,2;  1,6;  0,0;  0,0;  0,0;  0,0; 16,0;  0,0;0,0;12,6;0,8;27,0;139,0
  11/1964;  0,6;  0,0;  0,0;  0,0; 13,0;  9,4;  0,0;  0,0;  0,0;  0,0;  0,0;  1,0;  0,0;  0,0;  0,0;  3,8; 36,0;  0,0;  0,0;  0,0; 40,2;  2,2;  1,5;  0,0;  0,0;  0,0;  0,0;  0,0;0,0;0,0;---;40,2;107,7
  12/1964; 23,0; 15,3; 13,1; 11,8;  1,7;  0,0;  0,0;  0,0;  0,0;  0,0; 25,5;  0,0;  4,8;  5,5;  4,2;  0,0;  6,5; 26,9;  0,0;  0,0;  0,0;  4,9; 16,1; 57,2; 24,1;  0,0; 25,6;  0,0;0,0;36,0;0,0;57,2;302,2
  01/1965;  0,0;  0,0;  0,0;  0,0; 23,3;  0,0;  0,0;  0,0; 51,2;  3,2;  7,5;  2,4; 17,3;  1,0; 10,8; 11,2; 33,2;  0,0; 89,0; 38,4;  0,0;  0,0;  0,0;  2,2;  0,0;  2,0; 62,2; 46,4;50,1;41,0;5,0;89,0;497,4
  02/1965;  8,6;  4,0;  0,0;  5,7; 16,6;  7,4;  0,0;  6,5;  0,0;  0,0;  0,0;  0,0;  5,0; 14,6;  0,0;  0,4;  9,4;  0,0;  0,3;  0,0;  5,2;  6,6; 29,4;  0,6; 11,5;  0,0;  8,0;  2,0;---;---;---;29,4;141,8
  03/1965;  0,6;  1,0; 27,0; 11,8;  2,0;  0,0; 10,0;  0,0;  0,0; 51,7;  0,0;  0,0;  0,0;  0,0;  0,0;  0,0;  2,6; 60,6;  2,0;  6,8;  0,0;  0,0; 14,4;  0,0;  0,0; 17,2;  0,0;  0,0;0,0;0,0;0,0;60,6;207,7
  04/1965;  0,0;  0,0;  0,0;  1,0;  0,0;  0,0;  0,0; 16,4;  0,5;  2,2;  0,0;  0,0;  1,2;  1,2;  0,0;  0,0;  0,0;  0,0;  0,0;  5,0;  0,0;  0,0;  0,0;  0,0;  0,0;  0,0;  0,0;  1,0;37,8;25,2;---;37,8;91,5
  05/1965;  0,0;  0,0;  0,1;  0,0;  0,0;  0,0;  0,0;  0,0;  0,0;  0,0;  8,2;  9,0;  9,4;  6,6; 15,0;  1,0;  0,4;  9,6;  4,0;  0,0;  0,0;  0,0;  0,0;  0,0;  0,0;  0,0;  0,0;  0,0;0,0;0,0;0,0;15,0;63,3
  06/1965;  0,0;  0,0;  0,0;  0,0;  0,0;  0,0;  0,0;  0,0;  5,0;  0,2;  0,4;  0,0;  0,0;  0,0;  0,0;  6,8;  0,0;  0,0;  0,0;  0,0;  0,0;  0,0;  1,0;  5,4;  9,4;  0,0;  0,0;  0,0;0,0;0,0;---;9,4;28,2
  07/1965;  0,0;  0,0;  0,0;  6,0;  1,0; 25,2;  5,4;  0,0;  0,0; 12,6;  4,8;  0,0;  0,0;  0,0;  6,0;  0,0;  0,0;  0,0;  0,0;  0,0;  0,0;  0,0;  0,0;  0,0;  0,0;  0,0;  0,0;  0,0;0,0;0,0;5,0;25,2;66,0
  08/1965;  0,0;  0,0;  0,0;  2,0;  0,0;  0,0;  0,0;  0,0;  0,0;  0,0;  0,0;  0,0;  0,0;  0,0;  2,0;  0,0;  0,0;  0,0;  0,0;  3,0;  0,0;  0,0;  0,0;  0,0;  0,0;  0,0;  0,0;  0,0;0,0;0,0;0,0;3,0;7,0
  09/1965;  0,0;  0,0;  0,0;  0,0;  0,0;  0,0;  0,0;  0,0;  0,0;  0,0;  0,0;  0,0;  0,0;  0,0;  0,0;  0,0;  0,0;  0,0;  0,0;  0,0;  0,0;  0,0;  0,0;  0,0;  0,0;  1,0; 68,8;  5,8;0,0;0,0;---;68,8;75,6
  10/1965; 67,0; 12,4;  0,0;  0,0;  0,0;  0,0;  0,0;  0,0;  0,0;  8,0;  5,4;  2,6;  0,0; 11,8; 11,0;  0,0;  0,0;  0,0;  9,0;  0,0;  0,0;  2,6; 11,0;  0,0;  3,0;  4,0;  0,0;  0,0;25,5;7,4;13,0;67,0;193,7
  11/1965;  5,4;  1,0;  0,0;  0,0;  0,0; 27,2;  1,0;  0,0;  1,6;  1,0;  0,0;  0,0;  0,0;  0,6; 30,2;  1,8;  0,0;  0,0;  0,0;  0,0;  0,0;  9,4;  0,0;  0,0;  0,0;  0,0; 13,2;  0,0;3,6;0,0;---;30,2;96,0
  12/1965;  0,0;  0,0;  0,0; 17,2;  3,6;  0,0; 24,7; 23,1; 53,4;  9,8;  3,5;  2,2; 10,0;  0,5;  8,4;  1,3;  0,0;  0,0;  0,0;  0,0;  0,0;  3,3;  3,3;  1,1;  0,0;  7,4;  0,0;  0,0;1,5;6,5;17,4;53,4;198,2
  01/1966;  0,0;  0,0;  0,0;  0,0;  8,4; 62,0;  0,0;  2,0;  0,3;  0,8; 18,9;  2,5; 22,6;  7,6;  0,8;  6,6;  1,0;  4,6; 11,2;  0,0;  0,0;  0,0;  1,2;  0,0;  0,4; 10,6;  7,0;  2,4;0,6;0,0;19,4;62,0;190,9
  02/1966; 45,0; 13,5;  0,6;  3,0;  0,0; 38,6;  0,6;  0,0;  0,0;  0,0;  0,0;  0,0;  0,0; 13,4;  6,8;  0,0;  0,0;  2,0;  0,4; 34,0;  0,0;  0,4; 11,8; 17,0;  0,4;  0,0;  0,4;  0,0;---;---;---;45,0;187,9
  03/1966; 33,0;  2,0;  0,0;  0,4;  0,0; 10,2; 98,0; 17,2; 29,8;  5,0;  0,0;  0,0;  0,0;  0,0; 14,2;  0,0;  0,0;  0,0;  0,0;  0,0;  0,0;  0,0;  0,0;  0,0;  0,0;  6,2;  2,0;  8,0;0,0;0,0;0,0;98,0;226,0
  04/1966;  0,0;  0,0;  0,2;  9,0;  0,4;  1,0; 17,4;  2,2;  0,0;  0,0;  3,4;  0,0;  0,0;  0,0;  0,0;  0,0;  0,0;  0,0;  0,0;  0,0;  8,0;  5,0;  0,0;  0,0; 11,2;  0,0;  0,0;  0,0;6,0;0,0;---;17,4;63,8
  05/1966;  0,0;  0,0;  0,0;  0,0;  1,4; 22,6;  0,0;  0,0;  0,0;  0,0;  0,0;  5,4;  0,0;  0,0;  0,0;  0,0;  0,0;  0,0;  0,0;  0,0;  0,0;  0,0;  3,0;  0,9;  0,0;  0,0;  0,0;  0,0;0,0;0,0;0,0;22,6;33,3
  06/1966;  0,0;  0,0;  0,0;  0,4;  0,0;  0,0;  0,0;  0,0;  0,0;  0,0;  0,0;  0,0;  0,0;  0,0;  0,0;  0,0;  0,0;  0,0;  1,4;  0,0;  0,0;  0,0;  0,0;  0,0;  0,0;  0,0;  0,0;  0,0;0,0;0,0;---;1,4;1,8
  07/1966;  2,8;  0,4;  0,0;  0,0;  0,0;  0,0;  0,0;  0,0;  0,0;  0,0;  0,0;  0,0;  0,0;  0,0;  0,0;  0,0;  0,0;  0,0;  0,0;  0,0;  0,0;  0,0;  1,0;  1,0;  0,0;  0,0;  0,0;  0,0;0,0;0,0;18,0;18,0;23,2
  08/1966;  4,6;  0,0;  0,0;  0,0;  0,0;  0,0;  0,0;  0,0;  0,0;  4,0;  0,0;  0,0;  0,0;  0,0; 17,0;  0,0;  0,0;  0,0;  0,0;  0,0;  0,0;  0,0;  0,0;  0,0; 24,2;  1,0;  0,0;  0,0;0,0;0,2;0,0;24,2;51,0
  09/1966;  4,4;  3,4; 51,6;  3,2;  0,2;  0,0;  0,0;  0,0;  0,0;  0,0;  0,0;  0,0;  0,0;  0,0;  0,0;  0,0;  9,0;  0,0;  0,0;  7,2;  1,0;  0,0;  0,0;  0,0;  0,0;  0,0;  0,0;  0,0;25,5;15,0;---;51,6;120,5
  10/1966;  0,0;  0,0;  0,0;  0,0;  0,0;  1,0;  9,2; 28,5; 11,0;  0,3;  0,0;  0,0; 26,0;  0,0;  0,0;  0,0;  0,0;  0,4; 13,2;  0,0;  0,0;  0,0; 24,5;  0,0;  0,0;  0,0;  1,0; 56,2;5,0;3,3;1,0;56,2;180,6
  11/1966; 23,0;  8,0;  0,0;  0,0;  8,0;  2,0;  2,0;  0,0;  0,0;  0,0; 38,6;  5,8;  0,0; 21,4;  2,0;  0,0; 17,2;  0,0;  0,0;  0,0;  0,0;  0,0;  0,3;  0,0;  0,0;  0,0;  0,0;  0,0;0,0;0,0;---;38,6;128,3
  12/1966;  1,2; 31,4; 35,2; 11,3;  7,3;  0,0;  0,0; 13,6;  0,0;  0,0; 90,7;  0,0;  0,8;  0,0;  0,4;  1,8;  0,1;  3,4;  6,6;  4,7; 35,9; 57,8; 70,9; 45,5;  0,8;  0,0;  3,1;  9,7;0,0;0,0;0,0;90,7;432,2
  01/1967;  0,0;  5,6; 15,8; 15,4;  0,0;  0,0;  0,0;  0,0;  5,4;  4,6; 10,2; 58,0;  0,0;  0,0; 45,0;  0,0;  0,0;  0,0;  0,0;  0,0;  0,0; 97,6;  0,0;  0,0; 10,6;  0,0;  0,0;  0,0;0,0;0,0;17,8;97,6;286,0
  02/1967; 34,0; 49,8;  0,3;  1,0;  0,0; 91,0;  8,6;  1,0;  0,0; 18,0;  1,0;  0,6;  0,4;  0,0; 13,8;  0,0;  0,4; 35,0;  1,0;  1,0;  0,0;  3,0;  3,0;  0,0;  0,0;  0,0;  0,0;  2,5;---;---;---;91,0;265,4
  03/1967;  0,0;  0,0;  0,0; 31,2;  0,0; 20,5;  1,0;  0,0; 36,6; 13,6;  2,0;  0,0;  2,5;  0,6;  1,8;  0,0;  0,0;  1,0; 52,0;  0,0;  0,0;  0,0;  0,0;  0,0;  0,0;  2,0;  0,0; 13,2;1,8;1,5;0,0;52,0;181,3
  04/1967;  0,0;  0,0;  0,0;  0,0;  0,0;  0,8;  0,0;  0,0;  0,0;  0,0;  0,0;  0,0;  0,0;  3,6;  0,0;  1,0;  0,0;  0,0;  0,0;  0,0;  0,0;  1,4;  0,0;  0,0;  0,6;  0,5;  0,0;  0,0;0,0;1,0;---;3,6;8,9
  05/1967;  0,0;  0,0;  0,0; 20,2;  0,0;  0,0;  0,0;  0,0;  0,0;  0,0;  0,0;  0,0;  0,0;  0,0;  0,0;  0,0;  0,0;  0,0;  0,0;  0,0;  0,0;  0,0;  0,0;  0,0;  0,0;  0,0;  0,0;  0,0;0,0;0,0;0,0;20,2;20,2
  06/1967;  0,0;  0,0;  0,0;  0,0;  0,0;  7,0; 17,5;  0,0;  0,0;  0,0;  5,6; 16,2; 18,5;  3,5;  0,0;  0,0;  0,0;  0,0;  0,0;  0,0;  0,0;  0,0;  0,0;  0,0;  0,0;  0,0;  0,0;  0,0;0,0;0,0;---;18,5;68,3
  07/1967;  0,0;  0,0;  0,0;  0,0;  1,0;  0,0;  0,0;  0,0;  0,0;  0,0; 12,0;  6,0;  0,0;  2,0;  0,6;  0,0;  0,0;  0,0;  0,0;  0,0;  0,0;  0,3;  6,6;  0,0;  0,0;  0,0;  0,0;  0,0;0,0;0,0;0,0;12,0;28,5
  08/1967;  0,0;  0,0;  0,0;  0,0;  0,0;  0,0;  0,0;  0,0;  0,0;  0,0;  0,0;  0,0;  0,0;  0,0;  3,0;  0,0;  0,0;  0,0;  0,0;  0,0;  0,0;  0,0;  0,0;  0,0;  0,0;  0,0;  0,0;  0,0;0,0;0,0;0,0;3,0;3,0
  09/1967;  0,0;  0,0;  0,0;  0,0;  0,0;  0,0;  0,0; 12,0; 24,4;  2,4;  6,4;  3,4; 39,5;  2,0;  0,0;  0,0;  0,0;  0,0;  0,0;  0,0; 18,5;  0,0;  0,0;  0,0;  0,0;  0,0;  0,0;  0,0;0,0;0,0;---;39,5;108,6
  10/1967;  0,0;  0,0;  0,0;  0,0;  0,0;  0,0;  0,0;  0,0;  0,0;  0,0;  1,0;  0,6;  1,0;  0,0;  0,0;  0,0; 13,2;  1,0;  1,0;  2,5;  2,5; 11,1;  0,4;  0,0;  0,0;  1,1; 13,2; 35,5;0,0;0,0;0,0;35,5;84,1
  11/1967;  0,0;  0,0;  2,9;  1,0;  0,6;  0,0;  0,0;  0,0;  0,0;  0,0;  1,0;  0,0; 15,2;  1,0;  0,0; 20,2; 45,5;  1,0;  4,0;  0,0;  0,0;  0,0;  0,0; 13,2;  0,0;  0,0;  1,0; 11,4;0,6;1,0;---;45,5;119,6
  12/1967;  0,0;  0,0;  0,0; 14,1;  6,3;  0,5;  0,0;  0,0;  0,0; 17,6;  1,2;  2,8;  0,0;  0,0;  0,5;  0,3;  0,0;  3,0;  1,2;  0,0;  2,3;  3,9;  0,2;  0,3;  0,0;  0,0;  0,0; 35,3;18,5;0,0;0,0;35,3;108,0
  01/1968;  0,0;  0,0;  5,0;  8,0;  0,0;  0,0;  0,0;  0,0;  0,0;  0,4;  9,0;  6,0; 24,2;  5,6;  0,0;  4,6;  0,4; 39,5;  8,0;  0,0; 13,0; 18,4; 36,2;  0,0;  3,2;  0,0;  0,0;  0,0;0,0;0,0;0,0;39,5;181,5
  02/1968;  4,2;  0,0;  0,0;  0,0;  0,0;  0,0;  0,0;  0,0;  0,0;  0,0;  0,5;  0,0;  0,0;  0,0;  8,6; 39,0;  0,0;  0,0;  0,0;  0,0;  0,0; 36,0; 81,5; 15,0;  7,6;  1,0;  0,0;  1,0;0,0;---;---;81,5;194,4
  03/1968;  0,0;  0,0;  0,6;  0,0;  1,2;  0,0;  0,0; 38,2;  0,0;  0,0; 18,2; 46,0;  1,0;  0,0;  0,6;  0,0; 15,8;  2,0;  0,0;  0,0;  0,0;  1,5;  2,0;  1,0;  0,0;  0,0;  0,0; 16,0;0,4;0,4;0,0;46,0;144,9
  04/1968; 34,4;  0,0;  0,0;  3,2;  0,0;  6,0;  0,0;  0,0;  0,0;  0,0;  0,0;  0,0;  0,0;  0,0;  0,0;  0,0;  0,0;  0,0;  0,0; 23,6;  4,0;  0,0;  0,0;  0,0;  0,5;  0,0;  0,0;  0,0;0,6;1,4;---;34,4;73,7
  05/1968;  0,0;  0,0;  0,0;  0,0;  0,0;  0,0;  0,0;  0,0;  0,6;  0,0;  6,4;  0,0;  0,0;  0,0;  1,0; 67,4;  0,0;  0,0;  0,0;  0,0;  0,0;  0,0;  0,0;  0,0;  0,0;  0,0;  0,0;  0,0;0,0;1,0;0,0;67,4;76,4
  06/1968;  0,0;  0,0;  0,0;  0,0;  0,0;  0,0;  0,0;  0,0;  0,0;  0,0;  0,0;  0,0;  0,0;  0,0;  0,0;  0,0;  0,0;  0,0;  0,0;  6,2; 30,8;  0,0;  0,0;  0,0;  0,0;  0,0;  0,0;  0,0;0,0;0,0;---;30,8;37,0
  07/1968;  0,0;  0,0;  0,0;  0,0;  0,0;  0,0;  0,0;  0,0;  0,0;  6,0;  0,0;  0,0;  0,0;  0,0;  0,0;  0,0;  0,0;  0,0;  0,0;  0,0;  2,0;  0,0;  0,0;  0,0;  0,0;  0,0;  1,5;  0,0;0,0;0,0;0,0;6,0;9,5
  08/1968;  0,0;  0,0;  0,0;  0,0; 12,0;  2,5;  0,0; 10,4; 12,5;  0,0;  0,0;  0,0;  0,0;  0,0;  0,0;  0,0;  0,0;  0,0;  0,0;  0,0;  0,0;  0,0;  2,4;  0,0;  0,0;  0,0;  0,0;  0,0;0,0;0,0;11,2;12,5;51,0
  09/1968;  0,0;  0,0;  0,0;  6,8;  0,0;  0,0;  0,0;  0,0;  0,0;  0,0;  0,0;  0,0;  0,0;  0,0;  0,0;  0,0;  0,0;  0,0;  0,0;  0,0;  6,0;  3,6;  0,0;  0,0;  0,0;  0,0;  0,0;  0,0;1,0;0,0;---;6,8;17,4
  10/1968;  0,0;  0,0;  0,0;  0,0;  0,0;  0,0;  0,0;  0,0;  2,0;  0,0;  5,0;  0,0;  0,0;  0,0;  0,0;  0,0; 29,6;  1,0; 15,0;  0,0;  0,0;  4,0;  0,0; 23,4;  7,6;  0,0;  0,0;  7,4;0,0;0,0;8,0;29,6;103,0
  11/1968;  0,0;  1,5;  0,0;  5,4;  0,0;  0,0;  0,0;  0,0;  0,0;  0,0;  2,0;  2,8;  0,0;  0,0;  0,0;  0,0;  0,0;  0,8;  0,0;  0,0;  0,0;  0,0;  0,0;  0,0;  0,0;  0,0;  0,0; 32,5;11,8;11,5;---;32,5;68,3
  12/1968; 15,2; 18,7;  3,0;  3,3;  0,1; 23,0;  0,0;  0,0;  0,0;  0,2;  0,0;  0,0;  0,0;  0,0;  0,0;  0,0; 45,5;  0,0;  0,0;  0,0;  0,0;  0,0;  0,0;  0,0;  0,0;  6,7;  0,3;  0,2;16,8;9,1;24,3;45,5;166,4
  07/1969;  0,0;  0,0;  0,0;  0,0;  0,0;  0,0;  0,0;  0,0;  0,0;  0,0;  0,0;  0,0;  0,0;  0,0;  0,0;  0,0;  0,0;  0,0;  0,0;  0,0;  0,0;  0,0;  1,8;  0,0;  0,0;  0,1;  0,1;  0,1;0,1;0,0;0,0;1,8;2,2
  08/1969;  0,0;  0,1; 14,3;  0,3;  0,1;  0,0; 13,5;  0,0;  0,0;  0,0;  0,0;  0,0;  0,0;  0,0;  0,0;  9,3;  0,0;  0,0;  0,0;  0,1;  0,0;  0,0;  0,0;  0,0;  0,0;  0,0;  0,0;  0,3;0,8;0,4;0,0;14,3;39,2
  10/1969; 14,0;  4,2;  4,7; 20,4; 18,8;  0,0; 35,8;  0,2;  0,0;  3,7;  0,2;  0,6;  0,0;  0,1;  0,0;  0,0;  6,5;  6,0;  1,6; 32,7;  0,0;  0,0; 29,0; 23,2;  0,0;  0,0;  0,0;  0,0;0,0;0,0;11,4;35,8;213,1
  11/1969;  0,0;  0,0;  1,0;  0,2;  0,0;  6,0; 48,0;  2,1; 21,7;  6,0;  0,3; 11,8;  4,0;---; 31,0; 10,3;  1,0;  1,0; 71,8; 18,4; 30,2; 11,5; 22,7;  0,0;  0,0;  0,0;  0,0;  0,0;0,0;3,0;---;---;---
  12/1969; 20,5;  0,0;  0,0;  0,0;  0,0;  0,0;  0,0;  9,6;  0,3;  0,0;  0,0;  0,0; 11,4; 11,4;  0,2;  0,0;  0,0;  0,0;  0,0;  0,0;  0,0;  0,0;  3,9;  9,9; 17,1;  0,6;  0,0;  0,0;0,0;0,0;0,0;20,5;84,9
  01/1970; 17,0;  2,4;  0,1;  7,4;  2,3;  0,0;  0,0;  0,0; 59,4; 26,4;  1,0;  0,0;  0,0;  1,7;  6,1; 74,4; 31,2; 31,7;  5,0; 30,0; 28,2;  0,3;  0,0;  0,0;  0,0; 55,1;  0,1;  0,0;0,0;39,6;0,0;74,4;419,4
  02/1970;  0,0; 36,8; 44,6;  0,4;  0,3;  0,0;  0,0;  0,0;  8,4; 56,4; 11,8;  3,5; 56,4; 12,2; 16,5; 71,0; 38,5; 26,5; 26,3; 12,6; 49,5; 19,9; 27,2;  0,1;  0,0;  3,5;  0,0;  0,0;---;---;---;71,0;522,4
  03/1970;  0,0;  0,0;  0,0;  0,0;  0,0;  0,0;  0,0;  0,0; 12,1;  0,0;  0,0; 43,1;  9,0;  2,1;  0,0;  0,0;  5,0;  0,0;  7,8;  0,0;  0,0;  0,0;  0,0; 48,7;  0,0;  0,0;  0,0;  0,0;0,0;0,0;0,0;48,7;127,8
  04/1970;  0,0; 18,0; 17,0; 12,6;  0,0;  0,0;  0,0;  0,0;  0,0;  0,0;  0,0;  0,0;  0,0;  0,0;  0,0;  0,0;  0,0;  0,0;  0,0;  0,0;  0,0;  0,0;  0,0;  0,1;  0,0;  0,0;  0,0;  8,4;0,0;0,0;---;18,0;56,1
  05/1970;  0,5;  0,3;  0,0;  0,0;  0,0;  5,0; 65,1;  0,1;  0,0;  1,9;  0,0;  0,0;  0,0;  0,0;  0,0;  0,0;  0,0;  0,0;  0,0;  5,3;  0,2;  0,0;  0,0;  0,0;  0,0;  0,0;  0,0;  0,0;0,0;0,0;0,0;65,1;78,4
  06/1970;  0,0;  0,0;  0,0;  0,0;  0,0;  0,0;  0,0;  0,0;  0,0;  0,0;  0,0;  0,0;  0,0; 16,5;  5,8;  0,0;  0,0;  0,0;  0,0;  0,0;  0,0;  7,5; 38,0;  0,7;  0,0;  0,0;  0,1;  0,0;0,1;0,0;---;38,0;68,7
  07/1970;  6,9;  2,8;  0,0;  0,0;  0,1;  0,0;  0,3;  0,6;  0,0; 10,9;  0,0;  1,4;  2,4;  0,0;  0,0;  0,0;  0,0;  0,0;  0,0;  0,0;  0,0;  3,0;  0,0;  0,0;  0,0;  2,7;  0,0;  0,0;0,0;0,0;0,0;10,9;31,1
  08/1970;  0,0;  0,0;  0,0;  0,0;  0,0;  0,0;  0,0;  0,0;  0,0;  0,0;  0,0;  0,0;  0,0;  0,0;  0,5;  1,5;  0,0;  0,0;  0,0;  0,0;  0,0;  0,0;  0,0;  4,0; 25,6; 21,4;  7,7;  0,4;10,5;17,2;0,1;25,6;88,9
  09/1970;  0,0;  0,0;  0,0;  0,0;  0,0; 10,0;  0,3;  0,0;  1,7; 10,4;  0,0; 15,3;  3,7;  0,8; 34,5;  0,3;  0,0;  0,0;  0,0;  0,0;  0,7;  1,5;  0,0;  0,0;  0,0; 14,5;  0,0;  0,0;0,0;0,0;---;34,5;93,7
  10/1970;  0,0;  0,0; 13,1;  6,7;  0,0;  0,0;  0,0; 19,7;  0,0;  0,0;  0,0; 13,7;  0,4;  0,0;  0,0;  0,0;  0,0;  2,1; 25,4;  0,1;  1,7; 26,2;  0,0;  0,0;  0,2;  0,3;  0,7;  0,0;0,0;0,0;0,0;26,2;110,3
  11/1970;  0,0;  1,0;  0,5;  0,2;  0,0;  0,0;  8,2;  7,1;  0,0;  0,0;  0,0;  0,0; 12,2; 27,3;  0,0;  0,0;  0,0;  0,3;  0,0;  0,0;  1,2;  0,0;  0,0;  0,0;  0,0;  0,0;  0,3; 10,1;21,9;0,0;---;27,3;90,3
  12/1970; 16,7;  3,1;  0,0;  0,0;  0,0;  0,0;  0,0;  0,0;  0,0; 22,6;  0,0;  2,3; 34,4;  4,0;  0,0;  0,0;  0,0;  0,0; 11,4;  1,1; 31,2;  0,0;  0,0;  0,3; 35,0;  2,4; 24,7;  0,0;0,0;8,6;7,5;35,0;205,3
  01/1971;  4,5; 23,7;  4,4;  1,4;  1,8; 11,1; 12,3;  0,0;  0,0; 17,8;  5,3;  0,0;  0,0; 34,0;  3,4;  0,0;  0,0;  0,0;  0,0;  0,0;  0,2;  0,1;  0,0;  0,0;  0,0;  0,0;  0,0;  0,0;0,5;0,0;0,0;34,0;120,5
  02/1971; 18,0;  3,1;  0,0;  0,0;  0,0;  0,6;  0,0;  2,0; 12,1;  5,9; 11,8;  0,0;  1,8; 13,7;  0,1;  0,0;  0,0;  0,0;  0,0;  0,0;  0,1;  3,0; 19,3;  0,0; 27,0; 44,9;  0,6;  0,1;---;---;---;44,9;164,1
  03/1971;  0,0;  0,3;  0,0;  0,0;  0,0; 53,1;  5,5;  0,0;  6,2; 15,1; 13,8; 20,5;  2,7;  0,0;  0,0;  0,0;  0,0;  0,0;  0,0;  0,0;  0,3;  4,6;  0,0; 45,9; 52,3; 36,2;  8,8; 23,0;0,8;0,0;0,0;53,1;289,1
  04/1971;  0,0;  0,0;  0,0;  0,0;  0,0;  0,0;  0,0;  0,0;  0,0; 15,1;  0,3;  0,0;  0,0;  0,0;  0,0;  0,7; 13,0;  0,5;  0,0;  0,0;  0,0; 14,6;  4,0; 28,5;  0,1;  0,0;  0,0;  0,0;0,0;0,0;---;28,5;76,8
  05/1971;  0,0;  0,0; 12,0;  1,8; 17,8;  1,2;  0,0;  0,0;  0,8;  0,0;  0,0;  0,0;  0,0;  0,0;  0,0;  0,0;  0,0;  0,0;  0,0;  0,0;  0,0;  0,0;  0,0;  0,0;  6,6; 14,5;  2,2;  1,0;0,3;0,0;0,0;17,8;58,2
  06/1971;  0,0;  0,0;  0,0;  0,2;  0,0;  0,0;  1,3;  0,0; 15,6;  0,0;  0,0;  1,8;  0,1;  5,7;  0,0;  5,0;  2,3; 44,3; 19,9;  0,0;  4,0;  0,2;  1,6;  0,1;  0,0;  0,1;  0,0;  0,0;0,0;0,1;---;44,3;102,3
  07/1971;  0,0;  8,2;  7,5;  9,7; 10,0;  0,0;  0,0;  0,1;  0,0;  0,0;  0,0;  0,0;  0,0;  0,0;  0,0;  0,0;  0,0;  0,0;  0,0;  0,0;  0,0;  0,0;  0,0;  0,1;  0,0;  0,0;  0,0;  0,0;0,0;16,0;0,7;16,0;52,3
  08/1971;  0,0;  0,0;  0,0;  0,0;  0,0;  0,0;  0,0; 12,3;  0,0;  0,0;  0,1;  0,0;  0,0;  0,0;  0,0;  0,0;  0,0;  0,0;  0,0;  0,0;  0,0;  0,0;  0,0;  0,0;  0,0;  1,0;  0,7;  0,1;0,0;0,0;0,0;12,3;14,2
  09/1971;  0,0;  0,0;  0,0;  0,0;  0,0;  0,0; 15,0;  0,1;  4,7;  0,0;  0,9;  8,0;  0,0;  0,0;  0,0;  0,0;  0,0;  0,0;  0,0;  0,0;  0,0;  0,0;  0,0; 18,3;  7,0;  6,5;  0,0;  0,2;8,9;0,0;---;18,3;69,6
  10/1971; 19,0;  1,0;  0,0;  0,0; 18,9;  0,2;  0,2; 33,1;  0,0;  0,0; 20,4; 36,0;  2,2;  0,0;  0,8;  0,0;  0,0;  0,0;  0,0;  0,0;  0,0;  0,0;  0,0;  0,0; 10,4;  6,0;  0,0;  0,0;0,0;2,5;0,0;36,0;150,7
  11/1971;  0,0; 25,3;  0,2; 13,2;  0,0;  0,0;  0,0;  0,1;  0,0;  3,3;  0,0;  0,0; 16,0;  0,2;  0,0;  0,0;  0,0;  0,0;  1,3;  2,3;  0,2;  0,9;  2,7;  4,0; 26,1;  0,2; 10,4;  0,0;0,0;0,0;---;26,1;106,4
  12/1971; 15,8;  6,6;  8,0; 11,0;  0,4;  0,4;  0,0;  0,0;  5,0;  0,2;  0,0;  0,5;  8,4;  8,1;  0,0;  0,3;  0,0;  0,0;  0,0;  0,0;  0,0;  0,0; 10,0;  7,7;  0,5;  0,0;  7,1; 10,8;35,8;0,2;0,2;35,8;137,0
  01/1972;  1,2;  0,0; 31,4;  0,0;  7,3;  1,1;  2,4;  8,0;  0,0; 28,0;  6,2;  1,2; 18,5;  0,0;  0,0;  0,0;  0,0;  0,0;  0,0;  3,1;  0,1; 44,6; 84,7;  7,0;  1,3;  0,1;  7,0;  0,0;16,3;8,9;41,2;84,7;319,6
  02/1972;  0,5;  0,0; 26,3;  0,0;  0,0;  0,1;  1,4;  0,1; 14,9;  0,1;  1,9;  7,7;  5,7;  3,6;  0,7;  1,3; 21,0;  0,0;  1,0; 51,7;  4,1;  6,7;  0,4;  1,3;  0,1;  0,0;  0,0; 22,2;0,0;---;---;51,7;172,8
  03/1972;  0,0;  0,3;  0,2;  0,3;  4,1;  1,8;  0,0;  0,0;  1,4;  8,3; 21,2;  1,5;  0,7;  0,0;  0,0;  0,0;  0,0;  2,7;  7,9;  0,0;  0,0;  0,0;  0,0;  0,0;  0,0;  0,0;  0,0;  0,0;0,0;10,0;10,0;21,2;70,4
  04/1972;  6,0;  0,0; 17,2;  0,0;  4,0;  2,6;  0,0;  0,0;  0,0;  1,2;  0,1;  0,0;  0,0;  0,0;  0,0;  7,6;  7,4;  0,0;  0,0;  0,0;  0,0;  0,0;  0,0;  0,0;  0,0;  0,0;  0,0;  0,0;0,0;0,0;---;17,2;46,1
  05/1972;  0,0;  0,0;  0,0;  0,0;  0,0;  0,0;  0,0;  0,5;  9,9;  0,0;  0,0;  0,0;  0,0;  0,0;  0,0;  0,0;  0,0;  0,0;  0,0;  2,6;  0,0;  0,0;  7,0;  0,5;  3,3;  0,0;  0,0;  0,0;0,1;0,0;0,0;9,9;23,9
  06/1972;  0,0;  0,0;  0,0;  0,0;  0,0;  0,0;  0,0;  0,0;  0,0;  0,0;  0,0;  0,0;  0,0;  0,0;  0,0;  0,0;  0,0;  0,0;  3,7;  0,0;  0,0;  0,0;  0,0;  0,0;  0,0;  0,0;  0,0;  0,0;0,0;0,0;---;3,7;3,7
  07/1972;  0,0;  0,0;  0,0;  0,0;  0,0;  0,3;  0,0; 10,0;  0,0;  1,2;  0,1;  2,2; 44,2;  1,2;  0,0;  0,3;  0,1;  0,0;  0,0;  0,0;  0,0;  0,0;  0,0;  0,0;  0,0;  0,0; 11,2;  0,0;0,0;0,0;0,0;44,2;70,8
  08/1972;  0,0;  0,0;  0,0; 22,5;  4,4;  8,6; 14,6;  0,0;  0,5;  0,0;  0,0;  0,0;  4,9;  0,0;  0,0;  0,0;  0,0;  0,0;  0,0;  0,0;  0,0;  0,0; 20,5;  6,5;  0,4;  0,0;  0,0;  0,0;2,0;6,8;0,0;22,5;91,7
  09/1972;  0,0;  0,0;  0,0;  0,0;  0,2; 19,0;  0,0;  0,0;  0,0;  0,0;  1,6;  0,2;  0,0;  0,1;  0,0;  0,0;  0,0;  0,0;  0,0;  0,0;  0,0;  5,4;  1,2;  1,0; 12,3;  0,1;  7,3; 27,1;29,0;6,6;---;29,0;111,1
  10/1972;  0,0;  0,3;  0,0; 77,4; 17,9;  0,1;  6,6;  0,6;  0,1; 27,4; 28,8;  0,4;  0,0;  0,0; 37,0;  0,4;  0,3;  0,0;  0,0;  0,0;  0,0;  0,0;  0,0;  0,0;  0,2;  0,0;  0,0;  0,0;5,9;0,0;0,0;77,4;203,4
  11/1972;  0,0; 19,3;  2,7; 32,6;  3,8;  0,0;  0,0;  0,0;  2,8;  0,2; 22,2; 37,3;  0,2;  2,4;  0,8;  0,0;  0,8;  8,7; 18,5;  2,5;  0,0;  0,0;  0,0;  0,0;  0,0;  2,9; 13,7;  0,0;0,0;0,0;---;37,3;171,4
  12/1972;  0,2;  0,0;  2,6;  6,6; 37,1; 26,0;  2,7;  0,0;  0,0;  0,0;  0,0;  0,0;  0,3;  2,7;  0,0;  0,0;  0,0;  0,0;  0,0;  0,4;  0,0;  0,0; 28,6; 10,8;  5,3;  0,0;  0,0;  0,0;0,0;0,0;0,0;37,1;123,3
  01/1973; 11,0;  9,4;  0,0;  0,5; 13,0;  0,7;  0,4;  0,0; 11,0; 32,5;  1,2; 46,5; 31,0;  0,1; 20,5; 27,9; 13,5;  0,0;  0,0;  0,8; 11,6;  0,3; 11,2;  1,6;  0,0; 17,8;  0,9;  0,0;0,0;0,0;0,0;46,5;263,4
  02/1973;  0,0;  0,0;  6,1;  1,3;  0,0;  0,0;  2,4;  0,0;  0,0;  0,0;  0,0;  0,0; 10,1; 51,4;  9,1; 41,3; 19,1;  6,7;  0,0; 34,0;  5,0;  0,0;  0,0;  0,0;  0,0;  0,0; 27,8;  0,0;---;---;---;51,4;214,3
  03/1973;  0,0;  0,0;  0,0; 21,7; 11,6;  0,8;  0,0;  0,0; 12,3;  1,7;  0,0;  0,0;  0,0;  0,0;  0,0;  0,0;  0,0;  0,0;  0,0;  0,0;  5,8;  1,5; 63,0; 10,3;  0,0;  0,0;  0,0;  0,0;0,0;0,0;11,3;63,0;140,0
  04/1973; 23,6;  1,6;  3,3;  0,0;  0,0;  0,0;  0,0;  1,3;  8,8;  0,0;  0,0;  1,8;  7,1; 12,1;  0,0;  2,4;  0,0;  0,0;  8,1;  0,1;  0,0;  0,6;  0,0;  0,0;  0,0;  0,0;  0,0;  0,0;0,0;0,0;---;23,6;70,8
  05/1973;  0,0;  0,0;  0,0;  2,3;  0,0;  0,0;  0,0;  1,3;  1,9;  7,6;  0,0;  4,1;  0,0;  0,0;  0,5;  0,1;  0,0;  0,0;  0,0;  0,0;  0,0; 38,6;  2,2;  0,0;  0,0;  4,8;  0,0;  0,0;0,0;0,0;0,0;38,6;63,4
  06/1973;  0,0;  0,0;  0,0;  0,0;  0,0;  0,0;  0,0;  0,0;  0,0;  0,0;  0,0;  0,0;  0,0;  0,0;  0,0;  0,0;  0,0;  3,7;  0,9;  0,0;  0,0;  0,0;  0,0;  0,1;  9,1;  0,3; 14,8;  0,8;0,9;0,0;---;14,8;30,6
  07/1973;  0,0;  7,2; 26,2;  0,0;  0,0;  0,0;  0,0;  0,0;  0,1;  0,0;  0,0;  0,0;  0,0;  0,1;  0,0;  0,0;  0,0;  2,1;  3,5;  0,1;  1,9; 10,7;  0,2;  3,5;  0,2;  0,0;  0,5; 18,8;2,1;0,0;0,0;26,2;77,2
  08/1973;  0,0;  0,1;  0,0;  1,4;  2,2;  7,3;  0,0;  0,0;  0,0;  0,0;  0,0;  0,0;  0,0;  0,0;  0,3;  0,0;  0,0;  0,0;  0,0;  0,3;  0,0;  0,0;  0,9;  0,0;  0,0;  0,0;  2,0;  0,0;7,3;0,3;0,0;7,3;22,1
  09/1973;  0,0; 21,2;  2,4;  0,0;  0,0;  0,0;  1,0;  0,0;  0,1;  3,5;  0,0;  0,0;  0,3;  0,0; 10,8;  0,0;  0,0;  0,0;  0,0;  0,2;  5,6; 16,1;  1,1;  0,0;  0,4;  0,0;  0,0;  1,9;1,3;0,3;---;21,2;66,2
  10/1973;  0,0;  0,8;  0,0;  0,0;  0,0;  0,0;  3,8;  1,8; 10,2;  0,2; 22,8;  2,3;  0,0;  0,7;  0,0;  0,0;  0,0;  0,0; 34,0;  0,4;  0,0;  0,0;  0,0; 10,0;  0,1;  0,0; 20,0;  0,3;0,1;0,0;3,3;34,0;110,8
  11/1973; 19,1; 39,4;  8,1;  0,0;  0,0;  0,0;  0,0;  0,0;  0,0;  0,0;  0,0;  0,0;  2,4;  3,7;  0,4;  0,0;  0,0; 45,4; 34,4;  0,0;  0,0;  0,0;  3,9;  0,0; 16,9;  0,3;  0,0; 23,5;0,0;0,0;---;45,4;197,5
  12/1973;  0,0;  0,2;  0,0; 24,1;  0,6; 16,1;  8,7;  9,8;  7,7;  0,0;  0,0;  0,0;  0,0;  0,0;  0,0;  4,5; 33,6;  3,3;  0,6; 44,8;  3,9;  0,0;  0,0; 10,7; 28,6;  7,8;  0,0;  0,0;0,0;23,7;7,7;44,8;236,4
  01/1974;  9,8;  0,3;  0,0;  0,0;  0,0;  0,3;  1,7; 14,4;  2,0;  5,2;  2,6; 32,5;  1,6;  8,1;  9,7; 30,5;  0,3; 10,1;  4,2;  3,1;  0,0;  0,0; 22,2;  0,3;  0,0;  4,6; 10,5; 24,2;0,0;0,3;8,4;32,5;206,9
  02/1974;  0,7; 15,1;  4,8;  0,0;  0,0;  0,0;  0,0;  0,0;  0,0;  0,0;  0,1; 21,2;  0,0;  0,0;  0,0;  0,0;  0,0; 44,1;  0,1;  0,0;  4,4;  5,8;  0,0; 16,0; 13,2;  0,5;  0,0;  0,0;---;---;---;44,1;126,0
  03/1974;  0,0;  0,3;  0,0;  0,0;  0,0;  0,0;  1,3; 14,7;  5,8; 10,8;  0,0; 13,7; 23,7; 16,1;  7,1;  0,0;  0,0; 23,6; 18,3; 18,7; 19,3;  1,3;  0,0;  0,0; 18,5;  2,5;  0,0;  0,0;0,0;0,0;0,0;23,7;195,7
  04/1974;  0,4;  0,0;  0,0;  0,0; 14,6;  3,1;  0,0;  0,0;  0,0;  0,0;  0,0; 14,6;  0,0;  0,0;  0,2;  0,1;  0,0;  0,5;  0,0;  4,6;  0,0;  0,0;  0,0;  0,2;  5,9;  0,0;  0,1;  0,7;0,0;0,0;---;14,6;45,0
  05/1974;  0,0;  0,0;  0,0;  0,0;  0,0;  1,2;  0,0;  0,0;  1,7;  0,0;  0,0;  0,0;  0,4;  0,0;  0,0;  0,0;  0,0;  0,0;  0,0;  0,4;  0,0;  0,0;  0,0;  0,0;  0,0;  0,0;  0,0;  0,1;0,2;0,0;0,0;1,7;4,0
  06/1974;  0,0;  0,0;  0,4;  0,0;  0,0;  0,0;  4,7;  5,1;  0,0;  2,6;  4,4; 16,4;  1,7;  0,0;  0,0;  0,0;  0,0;  0,0;  1,3;  0,0;  0,0; 19,6;  0,2;  0,0; 34,4;  2,2;  4,2;  0,2;0,0;0,0;---;34,4;97,4
  07/1974;  0,0;  0,0;  0,3;  0,2;  0,1;  0,1;  0,1;  0,1;  0,0;  0,1;  0,1;  0,1;  0,0;  0,0;  0,0;  0,0;  0,0;  0,0;  0,1;  0,1;  0,0;  0,1;  0,1;  0,1;  0,0;  0,0;  0,0;  0,0;0,0;0,1;0,0;0,3;1,8
  08/1974;  0,0;  0,0;  0,0;  0,0;  0,0;  0,5;  0,0;  1,8;  0,0;  0,4;  0,0;  0,0;  0,0;  3,3;  0,6;  0,1;  0,0;  0,7;  0,0;  0,0;  0,0;  0,0;  0,0;  0,0;  0,0;  0,0;  0,0;  0,0;0,0;0,7;0,0;3,3;8,1
  09/1974;  0,0;  0,0;  0,0;  3,6;  0,0;  0,6;  0,9;  0,0;  0,0;  0,0;  0,0;  0,0;  0,0;  0,0;  0,0;  0,0;  0,0;  0,0;  0,0;  1,7;  0,0;  0,0;  0,0;  0,0;  0,0;  0,0;  0,0;  0,6;28,5;0,5;---;28,5;36,4
  10/1974;  0,8; 32,1;  0,7;  6,5; 13,8;  0,0;  0,0;  0,0;  0,0;  0,0;  0,0;  0,0;  0,0;  0,0;  0,0;  0,0;  0,0; 11,1;  0,0;  0,2;  0,3;  0,0;  0,0;  0,0;  7,3;  4,9;  0,0;  5,1;38,7;28,3;0,1;38,7;149,9
  11/1974;  0,0;  0,0;  0,0;  0,0;  0,0;  1,3; 18,2;  0,0;  0,0;  0,0;  0,0;  0,0; 11,2;  1,3;  0,0;  0,0;  0,0;  0,0;  0,0;  0,0; 33,9; 22,7;  0,6;  0,0;  0,0;  0,0;  6,0; 18,3;6,9;0,4;---;33,9;120,8
  12/1974; 10,3;  0,0;  4,3;  9,6;  8,5;  0,2;  0,2;  0,0;  0,0;  0,0;  0,0;  0,0;  0,8; 20,7;  8,3;  0,0; 14,3;  9,7; 12,2;  0,7;  0,0; 17,1;  4,6;  0,7;  0,1;  0,0;  0,0; 11,2;19,9;2,8;0,0;20,7;156,2
  01/1975; 14,7;  2,1;  3,1;  0,0;  4,9;  0,0; 16,1;  0,0; 10,9;  2,8;  0,0; 11,2; 10,5; 12,8; 10,1;  0,0;  0,3;  0,4;  5,7; 12,5;  7,6;  0,0;  0,0;  0,0;  2,4;  0,0;  1,9;  0,4;2,4;7,5;0,0;16,1;140,3
  02/1975; 30,6; 17,5;  3,5; 10,3;  0,0;  0,2; 15,1; 23,2; 16,6;  7,5;  0,0;  0,0;  0,0;  0,0;  0,0;  0,0;  1,7;  0,0;  0,0; 24,1;  0,0; 12,9; 11,8;  0,6;  0,0; 49,6; 57,9; 15,8;---;---;---;57,9;298,9
  03/1975;  0,9;  0,0;  2,7;  0,1;  0,0;  0,0;  0,0;  0,0;  0,0;  0,0;  0,0;  0,0;  0,0;  8,7;  0,0;  4,3;  0,0;  0,0;  0,0;  0,0;  1,3;  0,7;  0,3;  0,0; 19,1;  1,5;  0,0;  0,0;0,0;0,0;12,1;19,1;51,7
  04/1975;  0,2;  0,0;  0,0;  4,7;  0,7;  0,4;  0,0;  0,0;  0,0;  0,0;  5,3;  8,2;  0,0;  0,0;  0,0; 10,3;  0,0;  0,0;  0,0;  0,1;  0,0;  0,0;  0,0;  0,0;  0,0;  0,0;  0,0;  0,0;0,0;0,0;---;10,3;29,9
  05/1975;  1,8;  0,0;  0,0;  1,0;  0,0; 10,5;  0,1;  0,0;  0,0;  0,0;  0,0;  0,0;  0,0;  0,1;  0,0;  0,0;  0,3; 13,3;  1,6;  0,0;  0,0;  0,0;  0,0;  0,0;  0,0;  0,8;  0,0;  0,0;0,0;0,0;0,0;13,3;29,5
  06/1975;  0,0;  0,0;  0,0;  0,1;  2,7;  0,5;  0,0;  0,0;  0,0;  0,0;  0,0;  0,0;  0,0;  0,1;  0,9;  0,8;  0,0;  0,0;  0,0;  0,0;  0,0;  0,0;  0,0;  0,0;  0,0;  0,0;  0,0;  0,0;0,0;0,0;---;2,7;5,1
  07/1975;  0,0; 10,8;  0,0;  7,3;  0,0; 11,3;  0,0;  0,0;  0,0;  0,0;  0,0;  0,0;  0,0;  0,0;  0,0;  0,0; 18,9; 19,7;  0,0;  0,0;  0,0;  0,0;  0,0;  0,0;  0,0;  0,0;  0,0;  0,0;0,0;0,0;0,0;19,7;68,0
  08/1975;  0,0;  0,0;  0,0;  0,0;  0,0;  0,0;  0,0;  0,0;  0,0;  0,0;  0,0;  0,0;  0,0;  0,0;  0,0;  0,0;  0,0;  0,0;  0,0;  0,0;  0,0;  0,0;  0,0;  0,0;  0,0;  0,0;  0,0;  0,0;0,0;0,0;0,0;0,0;0,0
  09/1975;  0,0;  0,0;  0,0;  0,0;  0,0;  0,0;  0,0;  1,6;  0,0;  0,0;  0,0;  0,0;  0,0;  0,0;  0,0;  0,0;  1,4;  0,0;  0,0;  0,0;  0,0;  0,5;  0,0; 13,3;  0,6;  0,5;  9,0; 15,9;0,0;11,9;---;15,9;54,7
  10/1975;  4,1;  0,0; 29,4;  4,7;  1,4;  9,6;  2,4;  6,8;  0,0;  0,6; 13,8; 20,3;  0,1;  0,0;  0,8;  0,0;  0,0;  4,3; 23,5;  0,3;  0,0;  0,0;  0,0;  0,0;  0,0;  0,0;  0,0;  0,0;0,0;0,9;4,3;29,4;127,3
  11/1975;  0,7; 11,3;  0,0;  0,3;  0,0;  0,0;  8,1;  0,0;  0,0; 23,1;  0,0;  0,3;  0,0;  0,0;  0,0;  0,0;  0,3;  0,0;  2,8;  0,0; 10,1;  1,3;  3,1; 17,5; 16,8; 28,8;  0,2;  0,0;2,5;42,7;---;42,7;169,9
  12/1975; 21,7;  0,8;  0,0;  0,0;  0,0;  1,3;  0,0;  0,0;  0,0;  1,5;  0,0;  0,0;  4,9; 30,0;  1,8;  0,0;  0,1; 24,1;  3,2;  0,0;  0,0; 10,4; 19,5;  0,5; 19,3;  5,8;  2,2; 12,2;16,0;4,0;0,0;30,0;179,3
  01/1976;  0,0; 18,6;  9,4;  0,4;  0,0;  0,7;  0,0;  1,3;  0,6;  0,2;  3,1;  5,6;  0,0;  0,0;  0,0; 11,0;  0,0;  0,0;  0,0;  0,0; 25,3; 18,5;  8,6;  0,0;  0,0;  0,4;  1,9;  0,0;32,1;18,6;0,0;32,1;156,3
  02/1976;  0,6; 12,0;  6,0;  0,0; 17,0; 15,8; 49,1; 38,5;  0,0;  0,1;  0,6;  0,0;  0,0;  0,0;  0,0;  0,0;  0,3;  6,5;  3,1;  1,8; 21,9;  0,0; 38,9; 26,3;  0,1;  2,2; 42,1; 15,5;0,9;---;---;49,1;299,3
  03/1976;  3,1;  0,6;  1,0;  4,0;  0,0;  0,0;  1,3; 12,1; 13,2;  0,0; 34,6;  0,0;  0,0;  0,0;  0,2;  0,7;  0,0; 15,9;  0,0; 22,8;  1,8;  3,8;  0,0;  3,3;  0,2;  3,1;  5,1;  0,2;0,0;0,0;0,0;34,6;127,0
  04/1976;  0,0;  0,0;  0,7;  8,3;  0,0;  0,0;  1,5;  0,0;  0,0; 24,0;  6,5; 40,8; 23,5; 11,7; 24,8; 10,3;  0,2;  0,0;  0,0; 17,7;  0,0;  0,0; 11,3;  1,1;  0,0;  0,0;  0,0;  0,0;0,0;0,0;---;40,8;182,4
  05/1976;  0,0;  2,1;  0,0;  0,0;  0,0;  0,0;  0,0;  0,0;  0,0;  5,0;  0,0; 35,3;  0,0;  0,0;  0,0;  0,9;  0,6;  0,8;  0,2;  2,6;  0,7; 15,9;  0,0;  0,0;  0,0;  6,3;  0,3; 16,3;65,3;0,0;0,0;65,3;152,3
  06/1976;  0,0;  0,0;  0,0;  0,0;  0,6; 67,6;  0,0;  0,0;  0,0;  0,3;  0,0;  0,5;  5,3;  8,5;  0,0;  0,0;  0,0;  0,0;  0,0;  0,0;  0,0;  0,0;  0,0;  0,0;  0,0;  0,0;  0,0;  0,0;0,0;0,1;---;67,6;82,9
  07/1976;  0,4; 11,8; 75,5; 17,2;  0,0;  0,0;  0,0;  3,8; 12,9; 24,5;  0,4;  0,0;  0,0;  0,0;  0,0;  0,2;  0,0;  0,0;  0,0;  0,0;  0,0;  0,0;  0,3;  0,0;  0,0;  0,0;  0,0;  0,0;0,0;0,0;0,0;75,5;147,0
  08/1976;  0,0;  0,0;  0,0;  0,0;  0,0; 12,8;  0,0;  0,0;  0,0;  3,4;  7,0; 22,6; 34,7; 21,0;  0,5;  0,0;  0,0;  0,0;  1,4; 24,6;  0,0; 10,3;  0,0;  0,0;  0,0;  0,0;  0,0;  0,0;0,5;1,1;0,0;34,7;139,9
  09/1976;  0,0;  0,0;  0,0;  0,0;  3,1;  8,1;  5,7; 19,1;  1,3;  0,0;  0,3;  0,4; 33,1; 26,6;  2,8; 20,4;  0,0;  0,0;  0,0;  0,0;  4,5;  0,0;  8,2;  0,1;  0,0;  0,0;  7,1; 44,1;0,0;0,0;---;44,1;184,9
  10/1976;  0,0;  0,9;  0,0;  0,0;  0,0;  0,0;  0,0;  0,0;  3,8; 29,0;  0,0;  0,0;  0,0;  0,0;  0,0;  0,7;  1,2; 14,0;  4,3;  1,5;  0,8;  0,0;  0,0;  0,4;  7,4;  0,0; 12,5;  0,0;0,0;0,0;0,0;29,0;76,5
  11/1976;  1,1;  0,0;  0,0;  0,0; 20,1;  0,0;  0,0;  0,0;  0,0;  0,0;  0,0;  0,0;  0,0; 18,0;  0,0;  0,0;  0,0;  5,8;  0,8; 11,2; 28,2;  0,4;  0,0;  0,0;  0,0;  0,0; 15,2;  0,0;25,1;10,3;---;28,2;136,2
  12/1976;  0,0;  4,6;  5,7;  5,8;  5,3; 39,5;  0,0;  0,0; 44,6;  1,4;  0,1;  0,0;  0,0;  0,0;  0,0;  2,6;  1,7; 10,6;  0,1;  0,0; 10,2;  3,6;  0,6;  8,7;  7,3; 15,1;  1,6;  0,0;4,2;0,1;0,0;44,6;173,4
  01/1977;  0,0; 11,9;  0,8;  0,0;  7,3; 63,3; 43,4;  1,6;  0,0;  0,0;  6,2; 17,7;  0,0;  2,7;  1,8;  2,3; 40,1;  2,5; 80,1;  6,6;  0,2;  0,0;  0,0;  0,0;  0,0;  0,0;  4,0; 46,5;0,3;0,8;2,4;80,1;342,5
  02/1977; 34,0;  8,8;  0,0;  9,7; 21,0; 12,0;  0,0; 31,6;  1,5; 10,0;  1,9;  0,0;  7,9;  6,9;  2,1;  0,0;  0,0;  0,0;  0,0;  0,0;  0,0; 11,5;  0,0;  0,4;  0,2;  4,5;  0,0;  0,3;---;---;---;34,0;164,3
  03/1977;  0,0;  0,0;  0,0;  0,0; 40,5;  0,0;  0,0;  0,0;  0,0;  1,1;  0,0;  0,0;  0,0;  0,0;  3,4;  0,0;  8,5;  0,0;  3,0;  0,0; 22,0;  4,1;  0,7;  0,0;  0,1;  1,4;  0,0;  0,0;10,2;1,4;0,0;40,5;96,4
  04/1977; 10,2;  0,6;  2,0;  1,0;  2,6;  0,0;  0,0;  0,0; 23,5; 55,5;  0,0;  0,0;  0,0;  0,0;  0,0;  0,0;  0,0;  0,0;  0,3; 12,5; 15,5;  0,3;  0,0;  0,0;  0,0;  0,0;  0,0;  0,0;0,0;0,0;---;55,5;124,0
  05/1977;  0,0;  0,3;  0,2;  0,0;  0,0;  0,0;  0,0;  0,0;  0,0; 38,5;  0,0;  0,0;  3,8;  0,0;  0,0;  0,0; 17,7;  4,6;  0,0;  0,0;  0,0;  0,0;  0,0;  0,0;  0,0;  0,0;  0,0;  0,0;0,0;0,0;0,0;38,5;65,1
  06/1977;  2,5;  0,0;  0,0;  0,0;  9,2;  0,5;  0,0;  0,5;  0,0;  0,0;  0,0;  1,2;  0,0;  0,0;  0,0;  4,2;  1,1;  0,0;  0,0;  0,0;  0,0;  0,0;  2,7;  0,0; 19,2;  0,0;  0,0;  0,0;0,0;0,0;---;19,2;41,1
  07/1977;  0,0;  0,0;  0,0;  0,0;  0,0;  0,0;  0,0;  0,0;  0,0;  0,0;  0,0;  0,0;  0,0;  0,0;  0,0;  0,0;  0,3;  2,3;  0,0;  0,0;  0,0;  0,4;  7,9;  0,0;  4,5;  0,0;  0,0;  0,0;0,0;0,0;0,0;7,9;15,4
  08/1977;  0,0;  0,0;  0,0;  0,0;  0,0;  0,0;  0,0;  0,0;  0,0;  2,2;  0,0;  0,0;  0,0;  2,4;  0,0;  0,0;  0,0;  0,0;  0,0;  0,6;  0,0;  0,0;  0,0;  0,0;  0,0;  0,0;  0,0;  0,0;0,0;3,7;6,3;6,3;15,2
  09/1977;  0,0;  0,0;  0,0;  0,0; 14,6;  3,2; 26,5; 23,1;  0,0;  0,0;  0,0;  0,0;  0,0;  0,0;  0,0;  0,0;  3,2;  0,3;  8,7;  0,0; 19,8;  1,6;  0,5; 16,8;  3,4;  0,0;  0,0;  0,0;0,0;0,0;---;26,5;121,7
  10/1977;  0,0; 52,2;  2,6;  0,4;  0,2;  0,0;  0,0;  0,0;  0,0;  0,0;  0,0;  0,0;  1,6;  0,8;  0,0;  0,0;  1,6;  1,9;  1,1;  0,0;  0,0;  0,0;  0,0;  0,0;  0,0;  0,0;  2,1;  1,7;11,1;0,0;0,0;52,2;77,3
  11/1977;  0,0; 37,1;  0,0;  0,0;  0,0;  0,0;  4,1;  0,0;  0,0;  1,6;  0,2;  6,3; 21,5;  0,0; 24,5; 22,1;  0,0;  0,0;  0,0;  0,0;  0,0;  0,0;  2,8;  0,0;  0,0;  5,3;  0,0;  0,0;19,2;0,5;---;37,1;145,2
  12/1977;  2,3; 20,1;  5,1;  7,8;  3,9;  0,0;  5,7; 29,3;  5,1;  1,1;  6,3;  0,0;  0,0;  0,0;  0,0;  0,0;  0,0;  0,0; 36,2; 33,6; 19,6; 29,4;  5,7;  0,5;  0,0;  0,0;  0,0;  0,0;0,0;0,0;0,0;36,2;211,7
  01/1978; 13,0;  4,7;  9,8;  1,2;  0,0;  0,0; 52,8;  1,6;  0,0;  3,1;  0,9;  0,0;  0,0;  0,0;  0,0; 20,8;  9,2;  0,0;  0,0;  0,0;  0,0; 17,6;  0,0;  0,0;  0,0;  0,0;  0,0;  0,1;9,0;4,7;2,4;52,8;150,9
  02/1978;  4,2;  0,0;  0,4; 20,2; 77,2;  5,7;  1,9;  0,3;  0,0;  0,0;  0,0;  0,0;  3,6; 48,7; 13,0; 38,6; 26,0; 10,7;  4,6;  1,2; 37,0;  7,1;  0,0;  0,0;  0,0;  0,0;  0,0;  0,0;---;---;---;77,2;300,4
  03/1978;  5,3;  0,0;  0,0; 42,0; 55,1;  2,2;  0,8; 62,1; 39,5; 16,7;  0,0;  0,0;  0,0; 18,6;  0,0;  0,0;  0,0;  0,0;  0,0;  0,0;  0,0;  0,0;  0,0;  0,0;  0,0; 13,9; 10,2;  7,1;0,0;46,5;0,0;62,1;320,0
  04/1978;  0,0;  1,2;  0,0;  0,0;  0,0;  0,0;  0,0;  0,3;  0,0;  0,0;  0,0;  0,0;  0,0;  0,0;  0,0;  0,0;  0,0;  0,0;  0,0;  0,0;  0,0;  0,0;  0,0;  0,0;  0,0;  0,0;  0,0;  0,0;0,0;0,0;---;1,2;1,5
  05/1978;  2,2;  2,5;  0,0;  0,0;  0,0;  0,0;  0,0;  0,0;  0,0;  0,0;  0,0;  0,0;  0,0;  0,0;  0,0;  4,2; 31,6; 26,4;  8,6;  0,0; 30,5;  4,8;  0,0;  0,0;  0,0;  0,0;  0,0;  0,0;0,0;0,0;0,0;31,6;110,8
  06/1978;  0,0;  0,0;  0,0;  0,0;  0,0;  0,0;  0,0;  0,0; 99,5;  0,3;  0,0;  0,0;  0,0;  0,0;  0,0;  0,0;  0,0;  0,0;  0,0;  0,0;  0,0;  0,0;  0,0;  0,0;  0,0;  0,0;  0,0;  0,0;0,0;0,0;---;99,5;99,8
  07/1978;  0,0;  0,0;  0,0;  4,0;  0,0;  0,0;  0,0;  0,0;  0,0;  0,0;  0,0;  0,0;  0,9;  0,0;  0,0; 19,3;  0,0;  4,3;  0,0;  0,0; 10,1;  9,5; 30,5;  3,5;  2,7;  0,0;  0,0;  0,0;0,0;0,0;0,0;30,5;84,8
  08/1978;  0,0;  0,0;  0,0;  0,0;  0,0;  0,0;  0,0;  0,0;  0,0;  0,0;  0,0;  0,0;  0,0;  0,5;  1,3;  0,0;  0,0;  0,0;  0,0;  0,0;  0,0;  0,0;  0,0;  0,6;  0,3;  0,0;  0,0;  0,0;0,0;0,0;0,8;1,3;3,5
  09/1978;  0,0;  7,8;  2,8;  0,0; 19,9; 12,1;  0,0;  0,6;  0,0;  0,0;  0,0;  0,0;  0,0;  0,0;  0,0;  0,0;  0,0;  0,0;  0,0;  0,0;  0,0;  0,0;  0,0;  0,0;  0,0;  0,0;  0,0;  0,0;0,0;0,0;---;19,9;43,2
  10/1978;  0,0;  0,0;  0,0;  0,0;  0,0;  0,0;  0,0;  0,0;  0,0;  0,0;  3,5;  0,0;  0,0;  5,1;  0,3;  0,0; 12,4;  7,2; 16,5; 13,3;  0,0;  0,0;  0,0;  0,0;  0,0;  0,0;  0,0; 33,7;6,5;10,8;0,8;33,7;110,1
  11/1978; 18,5;  1,2;  0,1; 47,1;  3,4; 46,8;  0,0;  0,0;  0,0;  1,2; 56,5; 30,8;  0,6;  0,0;  0,0;  0,0; 13,8;  0,0;  0,0; 21,8;  0,0; 17,7; 10,5;  2,9;  0,0;  0,0;  0,0; 47,2;0,0;0,0;---;56,5;320,1
  12/1978;  0,0;  0,0;  0,0;  0,0;  0,0;  0,0;  4,3; 15,4;  7,4;---;  0,0;  0,0;  0,0;  0,0; 25,4;  0,0;  3,8;  2,7;  5,1;  0,0;  0,0;  0,0;  0,0;  0,0; 13,6;  0,0; 76,7; 15,7;0,0;9,8;13,8;---;---
  01/1979;  6,7;  1,7; 28,4; 18,5;  0,3;  0,0;  4,3; 15,4;  7,4;  0,0;  0,0;  3,3;  0,3;  0,0;  0,0;  0,0;  0,0;  0,0;  0,0;  0,6; 16,1;  2,1;  0,1;  0,0;  0,0; 54,1;  0,0;  0,0;15,9;8,1;0,0;54,1;183,3
  02/1979;  0,0;  0,0;  0,0;  0,0;  0,6;  0,0;  0,0;  0,0;  0,0;  3,1;  6,4; 16,2;  8,1; 22,8;  8,1;  0,0;  0,0;  0,8;  0,0;  6,9;  0,0;  7,8; 15,6; 26,8;  0,0;  0,0;  0,3;  0,0;---;---;---;26,8;123,5
  03/1979;  0,3;  0,0;  0,3;  0,0;  0,0;  0,0;  0,0;  0,0;  0,0;  0,0;  9,6;  0,0; 30,5; 40,5;  0,6;  0,0;  0,4;  0,0;  0,0;  0,0;  0,0;  0,0;  0,0;  0,0; 20,8;  1,4;  2,4;  0,0;0,0;0,0;0,0;40,5;106,8
  04/1979;  0,3;  0,0;  0,3; 14,4; 33,9;  0,0; 24,3;  1,8;  3,2;  0,0;  0,0;  0,0;  0,0;  0,0;  0,0;  0,0;  0,0;  2,1;  0,0;  0,0;  0,0;  0,0;  0,5;  4,5;  0,0;  0,0;  0,0;  0,0;0,0;11,5;---;33,9;96,8
  05/1979;  0,0;  0,0;  0,0; 20,4;  7,2;  0,0; 13,5;  0,6;  0,0;  6,6;  0,2;  0,0;  0,0;  0,0;  6,8;  0,0;  0,0;  0,0;  0,0;  0,0;  0,0;  0,0;  0,0; 15,5;  0,0;  0,0;  0,0;  0,0;0,0;25,3;2,4;25,3;98,5
  06/1979;  0,0;  0,0;  0,0;  0,0;  0,0;  0,0;  0,0;  0,0;  4,6;  0,0;  0,0;  0,0;  0,0;  0,0;  0,0;  0,0;  0,0;  0,0;  0,0;  0,0;  0,0;  0,0;  0,0;  0,0;  0,0;  0,0;  0,0;  0,0;0,1;0,0;---;4,6;4,7
  07/1979;  0,0;  0,0;  0,0;  0,0;  0,0;  0,0;  0,1;  3,1; 11,7;  9,1;  0,5;  0,0;  0,0;  0,0;  0,0;  0,0;  0,1;  0,0;  0,0; 13,2;  0,0;  0,0;  0,0;  0,0;  0,3;  9,5;  0,0;  0,0;0,0;0,0;0,0;13,2;47,6
  08/1979;  0,0;  0,0;  0,0;  0,0;  0,0;  0,0;  0,0;  0,0;  0,0;  0,0;  0,0;  0,0; 12,7;  0,0; 15,5;  0,0;  0,0;  2,4; 20,4; 11,1; 11,3;  0,2;  0,0;  0,0;  0,0;  0,0;  7,5;  0,0;0,0;0,0;0,0;20,4;81,1
  09/1979;  0,0;  4,8; 33,1; 20,7;  2,6;  0,0;  0,3;  0,0;  0,0;  0,0;  0,0; 23,1;  0,0;  9,2;  9,3;  9,5;  1,5;  7,8;  1,2;  0,2;  0,0;  4,8; 14,3;  0,5;  0,0;  0,0;  0,0;  0,0;0,0;0,0;---;33,1;142,9
  10/1979;  0,1;  1,0;  2,1;  0,0; 24,1;  0,0; 23,8; 31,3; 10,5;  0,8;  0,0;  0,3;  0,0; 19,1;  3,7;  0,8;  0,0;  0,0;  0,0;  0,0;  0,0;  0,0;  0,0;  0,0;  0,0;  0,0;  4,6;  0,1;10,2;1,8;21,9;31,3;156,2
  11/1979;  0,0; 26,7; 10,4;  0,4;  0,0;  0,0;  0,0;  0,0;  4,5; 12,1; 45,3;  3,8;  0,0;  0,0; 70,4;  0,1;  0,0;  0,0; 12,9;  0,2;  0,0;  0,0; 10,9;  0,0; 22,4; 15,1;  1,1;  0,0;0,0;0,0;---;70,4;236,3
  12/1979;  0,0;  9,5;  0,1; 12,1;  0,0;  0,0;  3,1;  0,0;  0,0;  0,0; 15,9;  2,7;  0,0;  2,3;  0,1; 14,4;  7,4;  0,0;  0,0;  0,0;  0,5;  0,0;  0,0;  2,1;  8,4;  0,0;  0,0;  0,0;0,0;12,2;0,0;15,9;90,8
  01/1980; 20,2;  0,2;  0,0;  0,0;  0,0;  0,0;  4,5; 10,0; 12,3;  1,3;  2,1;  6,6;  0,0;  1,3;  0,0;  0,0;  0,0;  2,1; 34,8;  0,0;  7,2;  1,1;  0,8;  0,0; 24,5; 44,8;  9,3;  0,0;0,0;0,0;0,0;44,8;183,1
  02/1980; 54,5;  5,8;  2,2;  1,8;  0,0;  0,0;  0,6; 10,3;  0,3; 13,3;  0,0;  1,7;  2,3; 44,5;  0,2; 30,5;  2,7; 44,3;  8,7; 52,2;  0,0;  0,0; 10,2; 30,2; 48,2;  0,8;  6,4;  9,2;12,2;---;---;54,5;393,1
  03/1980;  0,0;  0,0;  0,0;  0,0;  0,1; 22,1; 11,1;  0,6; 30,5;  4,2;  2,2;  0,2;  0,0;  0,0; 13,7;  0,0;  7,1;  0,9;  0,0;  0,0;  0,0;  1,1;  0,0;  1,8;  0,0;  0,0;  0,0;  2,5;0,1;0,0;21,1;30,5;119,3
  04/1980;  0,1;  0,0;  0,0; 11,5;  7,8;  6,8;  0,0;  0,0;  0,0; 12,3;  0,0;  0,0;  4,6;  4,4; 45,1;  0,9;  0,0;  0,0;  1,3;  0,0;  0,0;  0,0;  0,0;  0,0;  0,0;  0,0;  0,0;  0,0;0,0;0,0;---;45,1;94,8
  05/1980;  0,0;  0,0;  2,3;  0,0;  0,0;  0,0;  0,0;  0,0;  0,0;  0,0;  0,0;  0,0;  0,0;  0,0;  0,1;  0,1;  0,0;  0,0;  9,3;  0,0;  0,0;  0,0;  0,8;  0,0;  0,0;  0,0;  0,0;  0,0;0,0;0,0;0,0;9,3;12,6
  06/1980;  0,1;  0,0;  0,0;  2,4;  0,0;  0,0;  0,1;  0,0;  0,0;  0,0;  0,0;  0,0;  0,0;  1,5;---;  0,0;  0,0;  0,0;  0,0;  0,0;  0,0;  1,6;  0,5;  0,0;  0,0; 30,5; 19,6;  0,0;0,0;0,0;---;---;---
  07/1980;  0,0;  0,0;  4,7;  2,5;  0,0;  0,8;  0,0;  0,0;  0,0;  0,0;  0,0;  0,0;  0,0;  0,0;  0,2;  0,0;  0,0;  0,0;  0,0;  0,0;  0,0;  0,0;  0,0;  0,0;  0,0;  0,0;  0,0;  3,5;0,0;0,0;8,2;8,2;19,9
  08/1980;  0,5;  0,0;  0,0;  0,0;  0,0;  0,0;  0,0;  0,0;  0,3;  0,0;  0,0;  0,0;  0,0;  0,0;  0,0;  0,0;  2,5;  0,0;  0,0;  0,0;  0,0;  0,0;  0,0;  4,9;  0,0;  2,3;  1,2;  0,0;0,0;1,5;0,0;4,9;13,2
  09/1980;  0,0;  0,0;  0,0;  0,0;  0,0;  0,0;  0,0;  0,0;  0,0;  0,0;  0,3;  0,0;  0,0;  0,0;  0,0;  3,3;  0,0;  0,0;  4,9; 32,7; 10,3;  2,7;  9,8;  0,0;  0,0;  0,0;  0,0;  0,0;3,8;0,0;---;32,7;67,8
  10/1980;  0,0;  0,0;  0,0;  0,0;  0,0;  0,4;  0,0;  0,0; 27,8;  6,8;  0,0; 14,1;  3,3;  0,0;  0,0;  0,0;  0,0;  0,0;  0,0;  0,0;  0,0;  0,0;  0,0;  0,0;  0,0;  0,0;  0,0;  6,1;0,0;0,0;5,3;27,8;63,8
  11/1980;  0,0;  0,0;  0,0;  0,0;  0,0;  0,0;  0,0; 27,5;  6,3;  5,1; 23,6;  0,0;  0,0;  0,0;  0,0;  0,0;  0,0;  0,0;  0,0; 15,4;  0,0;  0,0;  0,5;  4,1;  3,8;  0,0;  0,0;  0,0;0,0;22,2;---;27,5;108,5
  12/1980; 36,4;  0,0;  0,0;  0,0; 13,7;  9,6;  8,3; 10,4; 29,6;  0,5;  0,0;  0,0; 12,1;  5,3;  0,3;  0,0;  0,0;  0,0;  0,0;  0,0;  0,0;  0,0; 40,4; 39,3; 31,0; 12,1;  6,2;  0,3;68,4;0,0;0,0;68,4;323,9
  01/1981;  0,0;  0,0;  0,0;  0,0;  0,0; 20,3;  9,7;  0,0; 30,6; 18,7; 38,8;  0,0;  0,0; 27,8; 20,6;  0,0;  0,0; 25,1;  0,1; 19,3; 10,1; 11,9;  0,0; 11,2; 38,8;  0,0;  0,0; 24,1;11,2;9,3;0,0;38,8;327,6
  02/1981;  0,0;  0,0;  0,0;  0,0;  0,0;  0,0; 39,4;  3,4;  0,0;  3,6;  0,0;  0,1;  0,0;  0,0;  3,4;  0,0;  0,0;  0,0;  0,0;  0,0;  3,6;  0,0;  0,0;  0,0; 27,8;  0,0;  0,0;  0,0;---;---;---;39,4;81,3
  03/1981;  0,0;  0,0;  0,0;  2,7;  0,0;  0,0;  0,0;  0,0; 20,9; 20,7;  0,0;  0,0;  0,0;  0,0;  0,0; 20,9; 27,0; 30,5;  0,0;  0,0;  0,0;  0,1;  0,1;  0,0;  0,3;  2,7; 20,1;---;0,1;0,0;0,0;---;---
  04/1981;  0,0;  0,0;  0,0;  0,0;  0,0;  0,0;  0,0;  0,0;  0,0;  0,0;  0,0;  0,0;  0,0;  0,0;  0,0; 30,7; 20,8; 11,6;  0,0;  0,0;  0,0;  0,0;  0,0;  0,0;  0,0;  0,0;  0,0; 30,8;20,3;0,0;---;30,8;114,2
  09/1982;---;  0,0;  0,0;  0,0;  0,2;  0,0;  0,0;  0,0;  0,0;  0,0;  0,0;  0,0;  0,0;  0,0;  0,0;  0,0;  0,0;  0,0;  3,6;  0,0;  0,0;  0,0;  0,0;  0,0;  0,0;  0,0;  3,3;  2,3;0,0;0,0;---;---;---
  10/1982;  0,0; 22,5; 15,3;  0,0;  0,0;  0,0;  1,9; 28,0; 25,5;  0,5; 16,1;  0,0; 24,1;  0,9;  0,0;  0,0;  0,0; 29,0;  0,0;  0,0;  2,8;  0,0;  0,0;  0,0;  0,0; 12,5;  0,0;  0,0;21,5;19,6;1,0;29,0;221,2
  11/1982;  0,0;  0,0;  0,0;  0,0;  0,9;  1,4;  0,0;  0,0;  0,0;  0,0;  6,3;  2,3;  0,0;---;---; 60,0;  4,2;  0,0;  0,0;  6,2;  6,5;  5,3;  6,8; 12,7;  0,0;  0,0;  6,3;  0,0;6,7;0,0;---;---;---
  12/1982;  7,9;  1,3; 13,9;  4,9;  0,0;  0,0; 19,5; 22,0;  0,0;  0,0;  0,0;  0,0; 17,2; 22,5; 21,9;  4,0;  0,0;  8,6;  1,4; 31,8;  1,2;  2,3;  6,3; 19,5;  2,2;  0,0;  0,0;  3,6;1,9;44,2;0,9;44,2;259,0
  01/1983;  0,0;  0,0;  0,0;  0,0;  0,0; 13,1; 15,4;  0,0; 42,3;  0,0;  0,0; 11,8;  3,6; 61,9; 10,0; 46,8;  0,0; 10,0;  1,4; 48,8;  7,7;  0,0;  0,0;  0,0;  0,0;  0,0;  0,0;  0,0;11,2;0,0;6,0;61,9;290,0
  02/1983; 10,9; 98,5;  3,3;  0,0;  0,0;  0,0;  0,0; 10,0; 13,6;  0,0;  0,0;  0,0;  0,0;  0,0; 17,5;  0,0;  0,0;  0,0; 22,8;  0,0;  0,0;  0,0; 10,9; 15,6;  0,0;  0,0;  0,0;  8,8;---;---;---;98,5;211,9
  03/1983;  0,0; 41,2;  0,0; 13,2;  0,0; 25,1; 37,8;  6,4;  0,0; 34,1;  0,0;  0,0; 54,5;  0,6;  0,0;  0,0;  0,0;  0,8;---; 40,1;  2,0; 12,9;  0,0;  0,0;  0,0;  0,0; 17,3;  2,8;0,0;0,0;0,0;---;---
  04/1983;  0,0;  0,0;  0,0;  0,0;  0,0; 40,9; 47,2;  0,0;  0,0;  0,0;  0,0;  0,0;  0,0;  0,0;  0,0;  0,0;  0,0;  0,0; 32,2; 14,9;---; 50,5;  0,0;  0,0; 24,5; 26,4;  0,0;  0,0;0,0;0,0;---;---;---
  05/1983;  0,0;  0,0;  2,2;  0,0;  0,0;  0,0;  0,0;  0,0;  2,5;  0,0;  0,0;  6,6; 13,8;  0,0;  0,0;  0,0;  0,0;  0,0;  0,0; 20,6;  0,0;  0,0;  0,0; 21,2;  0,0;  0,0;  0,0; 10,5;---;67,6;43,0;---;---
  06/1983;  4,2;  2,4;  8,6; 11,3;  9,2; 17,4; 15,6;---; 38,3;---; 44,7; 10,9;  0,0;  0,0;  0,0;  0,0;  0,0;  0,0;  0,0;  0,0;  0,0;  0,0;  0,0;  0,0;  0,0;  3,8;  0,0;  0,0;7,6;0,0;---;---;---
  07/1983;  0,0;  0,0;  0,0;  0,0;  0,0;  0,0;  0,0;  0,0;  0,0;  0,0;  0,0;  0,0;  0,0;  0,0;  0,0;  0,0;  0,0;  7,9;  1,8;  2,7;  0,0;  0,0;  0,0;  0,0;  0,0;  0,0;  0,0;  0,0;0,0;0,0;0,0;7,9;12,4
  08/1983;  0,0; 27,3;  1,6;  0,5;  0,0;  0,0;  0,0;  0,0;  0,0;  0,0;  0,0;  0,0;  0,0;  0,0;  0,0;  0,0;  0,0;  0,0;  0,0;  0,0;  0,0;  0,0;  0,0;  0,0;  0,0;  0,0;  0,0;  0,0;0,0;0,0;0,0;27,3;29,4
  09/1983;  0,0; 23,0; 55,0; 27,9;  1,3; 20,8; 23,0; 13,1; 15,0;  0,0;  0,0;  5,1; 12,0;  0,0;  0,0;---;---; 33,1; 39,4;  0,0;  0,0;  4,7; 31,6; 18,8;  8,2;  0,0;  0,0;  0,0;0,0;0,0;---;---;---
  10/1983;  0,0;  1,8;  3,2;  0,0;  0,0;  0,0;  0,0;  4,4;  0,0;  0,0;  0,0;  0,0;  0,0;  8,8; 14,8;  0,0;  0,0; 22,8; 29,0;  0,0;  0,0; 13,4; 17,3;  9,9;  0,0;  0,0;  0,0;  0,0;0,0;0,0;0,0;29,0;125,4
  11/1983;  7,4;  0,0; 33,3;  0,0;  0,0;  0,0;  0,0;  0,0;  0,0;  0,0; 33,7;  9,1;  0,0;  0,0;  0,6;  0,0;  0,0;  0,0;  0,0; 35,0;  1,3; 38,4;  3,5;  0,0;  0,0;  0,0;  0,0;  0,0;0,0;0,0;---;38,4;162,3
  12/1983; 11,3; 22,0;  0,0;  0,0;  0,0;  0,0;  7,5;  0,0;  0,0;  0,0;  2,1; 13,6;  0,0;  0,0;  8,4;  5,3;  0,0;  0,0; 10,3;  0,0;  0,0;---; 24,0;  0,0;  0,0;  0,0; 19,0; 22,0;16,1;4,6;5,5;---;---
  01/1984;  0,3; 10,0; 47,9;  1,3;  0,0;  0,5;  0,0;  0,0;  0,0; 28,1;  0,0;  0,0;  0,0;  0,0;  0,0; 31,9;  0,0;  0,0;  0,0;  0,4; 33,1; 40,5;  6,1;  0,6;  1,2;---; 34,5;  3,3;8,8;13,3;0,3;---;---
  02/1984;---;  7,1;  0,0;  0,0;  0,0;  0,0;  0,0;  0,0;  0,0;  0,0;  0,0;  0,0;  0,0;  0,0;  0,0;  0,0;  0,0;  0,0;  0,0;  0,0; 19,7;  0,0;  0,0;  0,0; 14,7;  0,0;  0,0;  0,0;0,0;---;---;---;---
  03/1984;  0,0;  0,0;  0,0;  0,0;  8,5; 17,8;  0,0;  0,0;  6,7;  0,0;  0,0;  0,0;  0,0;  0,0;  0,0;  0,0;  0,0;  0,0;  0,0;  0,5;  0,0;  8,8;  0,0;  0,0;  0,0;  0,0; 20,7;  0,0;0,0;27,3;0,0;27,3;90,3
  04/1984;  0,0;  6,7;  6,9; 31,1;  6,7;  0,0;  0,0;  0,0;  0,0;  0,0;  0,0;  0,0;  0,0;  0,0;  0,0;  2,9;  2,7;  0,0;  0,0; 46,7;  0,0;  0,0;  0,0;  0,0; 18,6;  0,0;  0,0;  0,3;0,5;0,0;---;46,7;123,1
  05/1984;  2,6;  3,1;  7,2; 13,0;  0,0;  0,0;  0,0;  0,0;  0,0;  0,0;  0,0;  0,0;  9,9;---; 12,4;  0,0;  0,0; 40,5;  0,0;  0,0;  0,0;  0,0;  0,0;  0,0;  0,0;  0,0;  0,0;  0,0;0,0;0,0;---;---;---
  06/1984;  0,0;  0,0;  0,0;  0,0;  0,0;  0,0;  0,0;  0,0;  0,0;  0,0;  0,0;  0,0;  0,0;  0,0;  0,7;  0,5;  0,0;  0,0;  0,0;  0,0;  0,0;  0,0;  0,0;  0,0;  0,0;  0,0;  0,5;  0,0;0,0;0,0;---;0,7;1,7
  07/1984;  0,0;  0,0;  0,0;  8,3;  0,6;  0,0;  0,0;  0,0;  0,0;  0,0;  0,0;  0,0;  0,0;  0,0;  0,0;  0,0;  0,0;  0,0;  0,0;  0,0;---;---;  0,7;  0,0;  0,0;  0,0;  0,0; 15,7;0,3;0,5;0,0;---;---
  08/1984;  0,0;  0,0; 32,1; 12,3;  0,0;  0,0;  0,0;  0,0;  0,0;  0,0;  0,0;  0,0;  0,0;  0,0;  0,0;  0,0;  0,1;  0,0;  0,0;  1,2;  0,3; 21,4; 28,7;  0,1;  4,3; 11,1;  0,0;  0,0;0,0;0,0;0,0;32,1;111,6
  09/1984;  0,0;  0,0;  0,0;  0,0;  0,0;  0,0; 10,3;  3,7; 22,8;  0,0;  0,0;  0,0;  0,0;  0,0;  0,0;  0,0;  0,0;  0,0;  0,0; 35,8; 48,2;  0,0;  0,0;  0,0;  0,0;  5,4; 33,7;  1,6;0,0;0,0;---;48,2;161,5
  10/1984;  0,0;  0,0;  0,0;  0,0;  0,0;  0,0;  0,0;  0,0;  0,9;  0,0;  0,0;  0,0;  0,0;  0,0;  0,0;  0,0;  0,0;  0,2; 10,6;  0,0;  0,0;  0,0;  0,0;  0,0;  0,0;  0,0;  0,0;  0,0;0,0;0,0;0,0;10,6;11,7
  11/1984;  0,0;  0,0;  1,3;  0,0;  0,0;  0,0;  0,0;  0,0;  0,0;---; 15,5; 51,9;  3,8;  0,4;  0,0;  0,0;  0,0;  0,3;  0,0;  0,3;  6,8;  0,0;  0,0;  0,0;  0,0; 33,3;  0,2;  0,0;0,0;0,0;---;---;---
  12/1984;  0,0; 18,7;  6,6;  0,0;  0,0;  0,0; 14,1;  8,9;  0,0;  0,0;  0,0;  0,0;  7,9; 12,6;  7,0;  0,0;  7,0;  7,0;  0,0;  0,0;  0,0;  0,0;  0,0;  0,0;  0,0;  2,9; 31,9;  0,0;0,0;16,9;9,3;31,9;150,8
  01/1985;  4,3;  6,9;  0,6;  0,1; 34,7;  2,2;  0,0;  5,6; 16,0;  0,0;  0,0;  0,0;  0,0;  0,9;  0,0;  8,5; 15,7;  2,2;  0,1;  0,0;  1,2;  0,0; 47,4;  2,3;  0,0;  0,7;  0,0;  2,8;0,0;0,0;0,0;47,4;152,2
  02/1985;  0,0; 37,5; 10,9;  0,0;---;---; 41,3;  0,0; 32,8;  0,0; 14,1; 27,2;  6,8;  1,7; 11,4; 13,3;  0,0;  8,5; 71,3;  0,0; 43,3; 11,5; 11,0;  0,2;  0,0;  9,4;  0,2;  2,2;---;---;---;---;---
  03/1985;  0,5; 34,2; 18,8;  3,9;  0,4;  3,9;  0,4;  0,0;  0,0;  0,0; 26,1;  0,0;  0,0;  0,0;  0,0;  5,5; 11,5; 51,8;  0,0;  0,3;  3,1;  0,0;  6,7;  0,0; 17,5;  0,0;  0,0;  0,0;23,5;0,0;3,5;51,8;211,6
  04/1985;  0,5;  0,0;  0,0;  0,0;  0,0;  9,0; 12,2;  0,0;  0,0;  8,3;  0,0;  0,5;  0,2;  0,0;  0,4;  0,0;  0,8;  0,1;  4,8;  0,0;  0,0;  0,0;  0,0;  0,0;  0,0;  0,0;  0,0;  2,9;0,3;0,0;---;12,2;40,0
  05/1985; 55,3;  4,7;  0,0;  0,0;  0,0;  0,0;  0,0;  0,0;  0,0; 18,5;  0,5;  0,0;  0,0;  0,0;  0,0;  0,0;  0,0;  0,0;  0,0;  0,0; 22,0; 15,7;  0,0;  0,0;  0,0;  0,0;  0,0;  0,0;0,0;0,0;---;---;---
  06/1985;  0,0;  0,0;  0,0;  8,5;  0,1;  0,0;  0,0;  0,0;  0,5;  1,7;  0,5;  0,0;  0,0;  0,0;  0,0;  0,0;  0,0;  0,0;  0,0;  0,0;  0,0;  0,0;  0,0;  0,0;  0,0;  0,0;  0,0;  0,0;0,0;0,0;---;8,5;11,3
  07/1985;  0,0;  0,0;  0,0;  0,0;  0,0;  0,0;  1,9;  0,0;  0,0;  0,0;  0,4;  0,0;  0,0;  0,0;  0,0;  0,0;  0,0;  0,0;  0,0;  0,0;  0,0;  0,0;  0,0;  0,0;  0,0;  0,0;  0,0;  0,0;0,0;0,0;0,0;1,9;2,3
  08/1985;  0,0;  0,0;  0,0;  0,0;  0,0;  0,0;  0,0;  0,0;  0,0;  0,0;  0,0;  0,8;  0,0;  0,0;  0,0;  0,0;  0,0;  0,0;  0,0;  0,0;  0,0;  0,0;  4,9;  0,0;  0,0;  0,3;  0,0;  3,9;0,0;0,0;2,8;4,9;12,7
  09/1985; 21,9; 11,9;  0,2; 15,7;  3,6;  8,5;  0,0;  0,0;  0,0;  0,0;  0,0;  0,0;  0,0;  0,0;  0,0;  0,0;  0,0;  0,1;  0,0;  0,0;  7,9;  0,0;  0,0; 15,8;  0,0;  0,0;  0,0;  0,0;16,7;11,3;---;21,9;113,6
  10/1985;  0,0;  0,0;  0,0;  0,0;  0,0;  0,0;  0,0;  1,0;  1,9;  0,0;  0,0;  0,0;  0,0;  0,0;  0,0;  0,0;  0,0;  0,0;  0,0;  0,0;  0,0;  0,0;  0,0;  0,4;  5,3;  0,0;  0,0;  0,0;3,5;0,0;3,4;5,3;15,5
  11/1985;  0,0;  4,3;  6,5;  5,3;  5,0;  0,0;  0,0;  0,0;  0,0;  0,0;  0,0;  0,0;  0,0;  0,0;  0,0;  0,0;  0,0;  0,0;  0,0;  0,0;  0,0;  0,0;  0,0;  8,3; 12,8; 22,1;  0,0;  0,0;0,0;0,0;---;22,1;64,3
  12/1985;  0,0;  0,0; 11,0; 24,7;---;  0,5;  0,0;  0,0;  0,0;  0,0;  0,0;  0,0;  0,0;  0,0; 38,5;  0,0;  0,0;  0,0;  0,0;  0,0; 16,8;  0,0;  0,0;  0,0;  1,9;  9,0; 22,5;  0,0;0,0;0,0;0,0;---;---
  01/1986;  0,0;  0,0;  3,3;  0,0;  8,0;  9,0;  0,0;  0,0; 34,4;  0,0; 16,3; 20,1;  0,0;  0,0;  0,0; 41,7;  0,0;  0,0;  0,0;  0,0;  0,0; 13,9;---; 47,0;  2,1; 25,5; 13,7;  0,0;0,0;0,0;0,0;---;---
  02/1986;  0,0;  0,0; 61,5;  0,9;  0,0;---;  8,0;  0,0;  4,9;---; 20,5; 15,3;---;  4,3;  2,1;  0,0;  9,9;  0,0;  0,0;  0,0; 11,1;---; 43,7;---;  5,2;  0,0;  0,0;  9,4;---;---;---;---;---
  03/1986;  0,0;  6,3; 15,5;  0,0;---; 23,9;  7,0;  9,7;  0,0;  0,0; 27,8;  0,0;  1,4;  0,0;  0,0;  0,0;  3,7;  0,4;  0,0;  2,5;  0,0;  0,0;  0,0;  3,4; 34,4;  0,0; 35,0;  0,0;0,0;24,7;0,0;---;---
  04/1986;  0,0;  0,0;  0,0;  0,0;  0,0;  0,0; 16,5;  1,7;  0,0;  0,0;  0,0;  0,0;  0,0;  0,0; 18,8;  0,0;  0,0;  0,0;  0,0; 28,3;  0,0;  3,5;  0,0;  3,3;  0,0;  0,0;  9,7;  0,0;0,0;0,0;---;28,3;81,8
  05/1986;  0,0;  0,0;  0,0;  0,0;  0,0;  0,0;---;  4,2;  3,9;  0,0; 24,9;  0,0; 13,1;  0,0;  0,0;  0,0; 23,4;  0,0; 33,5;  0,0;  0,0;  0,0;  0,0;  0,0;  0,0;  0,0; 26,7;  0,0;0,0;0,0;9,2;---;---
  06/1986;  0,0;  0,0;  0,0;  0,0;  0,0;  0,0;  0,0;  0,0;  0,0;  0,0;  0,0;  0,0;  0,0;  0,0;  0,0;  0,0;  0,0;  0,0;  0,0;  0,0;  0,0;  0,0;  0,0;  0,0;  0,0;  0,1;  0,4;  0,0;0,0;0,0;---;0,4;0,5
  07/1986;  0,0;  0,4;  1,0;---;---;---;---;---;---;---;---;---;---;---;---;---;---;---;---;---;---;---;---;---;---;---;---;---;---;---;---;---;---
  08/1986;---;---;---;---;---;---;---;---;---;---;---;---;---;---;---;---;---;---;---;---;---;---;---;---;---;---;---;---;---;---;---;---;---
  09/1986;---;---;---;---;---;---;---;---;103,4;  0,0;  0,0;  0,0;  0,0;  0,0;  0,0;  0,0;  0,0;  0,0;  0,0;  0,0; 74,5;  0,5;  0,0;  0,0;  2,4;  4,4;  0,2;  0,0;11,0;0,0;---;---;---
  10/1986;  0,0;  0,0;  0,0;  0,0;  0,0;  0,0;  0,0;  0,0;  0,0;  0,3;  3,3;  0,0;  0,0;  0,0;  0,0;  0,0;  0,0;  0,0; 11,9;  0,3;  9,3; 11,0;  1,4;  0,0;  0,0;  0,0;  0,0;  0,0;0,0;0,0;0,0;11,9;37,5
  11/1986; 10,9;  0,0;  0,0; 19,3;  0,2; 29,3; 18,0;  0,0;  0,0;  3,9; 30,3;  0,4;  0,1;  0,0;  0,0;  0,0;  0,0;  0,0;  0,0;  0,0;  0,0;  0,0;  0,0;  0,0;  0,3;  1,3; 11,9;  0,0;0,1;5,7;---;30,3;131,7
  12/1986; 23,4; 36,9;  7,4;  1,0; 10,0;  1,5;  1,8; 10,0; 10,0;  0,0;  0,0;  3,1;  1,3;  4,1; 10,0;  9,5;  0,4;---; 38,8;---;---;---;---;---;---;---;---;---;---;---;---;---;---
  01/1987;---;---;---;---;---;---;---;---;---;---;---;---;---;---;---;---;---;---;---;---;---;---;---;---;---;---;---;---;---;---;---;---;---
  02/1987;---;---;---;---;---;---; 10,0;  0,0; 17,9; 10,0;  0,0;  0,0; 56,5; 27,0;  1,7;  3,8;  1,8; 19,2;  0,2;  3,6;  0,0;  0,0;200,0;  0,0;  0,0; 40,0;  1,9;  0,0;---;---;---;---;---
  03/1987;  0,0;  0,0;  0,0;  0,0;  0,0;  0,0;  0,0;  8,9; 12,3; 40,0; 20,0;  0,0;  0,0;  0,0;  0,0;  0,0;  0,0;  0,0; 70,0;  0,9;  0,0;  0,0;  0,0;  0,0;  0,0;  0,0;  0,0; 12,2;0,0;0,0;0,0;70,0;164,3
  04/1987;  0,0;  0,0;  2,3;  4,9; 30,0; 10,0;  0,0;  0,0;  0,0;  4,7; 16,9;  9,5;  0,0; 10,3;  0,0;  0,0;  0,0;  0,0;  0,0;  0,0; 50,1;  0,0;  0,0;  0,0;  8,9;  2,0;  0,0;  0,0;0,0;0,0;---;50,1;149,6
  05/1987;  0,0;  0,0;  0,0;  0,0;  0,0;  0,0; 10,0; 10,0;  0,0;  0,0;  0,0;  0,0;  4,2; 27,3; 80,0; 38,2;  0,0;  0,0;  0,0;  0,0;  0,0;  0,0; 20,0;  0,0;  0,0;  0,0;  0,0;  0,0;0,0;0,0;---;---;---
  07/1987;  0,0;  0,0;  0,0;  0,0;  0,0;  0,0;  0,0;  0,0;  5,5;  0,0;  0,0;  0,0;  0,0;  0,0;  0,0;  0,0;  0,0;  0,0;  0,0;  0,0;  0,0;  0,0;  0,0;  0,0;  0,0;  0,0;  0,0;  0,0;0,0;0,0;11,1;11,1;16,6
  08/1987;  0,0;  0,0;  0,0;  0,0;  0,0;  0,0;  1,2;  0,0;  0,0;  0,0;  0,0;  0,0;  0,0;  0,0;  0,0;  0,0;  3,1;  4,1;  0,0;  0,0;  0,0;  0,6;  0,0;  0,0;  0,0;  0,0;  0,0;  0,0;0,0;0,0;3,1;4,1;12,1
  09/1987;  2,2;  0,0;  0,0;  0,0;  0,0;  5,7;  0,0;  0,0;  0,0;  0,0;  2,9;  8,9;  0,0;  0,0;  0,0;  0,0;  0,0;  7,0;  2,1;  0,0;  1,5;  8,0;  0,0;  0,0;  0,0;  0,0;  0,0; 24,1;0,0;0,0;---;24,1;62,4
  10/1987;  0,0;  2,0;  0,5;  0,0;  0,0; 17,3;  0,0;  0,0;  0,0;  0,0;  0,0;  0,0;  0,0;  0,0;  0,0;  0,0; 10,9;  0,0;  0,0; 15,6; 20,9;  6,7;  0,0;  0,0;  5,7;  4,8;  0,0;  0,0;4,0;0,0;0,0;20,9;88,4
  11/1987;  0,0;  0,0;  0,0;  0,0;  0,0;  0,0;  2,5;  0,0;  6,2;  0,0;  0,0;  0,0;  0,0;  0,0;  8,9;  5,9;  5,3;  0,0;  0,0;  0,0;  0,0;  0,0;  0,0;  0,0; 10,5; 48,1; 11,0;  0,0;0,0;0,0;---;48,1;98,4
  12/1987;  0,0;  0,0; 15,3;  0,0;  9,5;  2,5;  0,0;  0,0;  4,0;  4,0;  0,0;  0,0;  4,9;  3,6;  0,0;  0,0;  0,0; 11,2; 20,0;  0,0;  0,0;  5,5;  0,0;  0,0;  0,0;  0,0;  0,0;  0,0;12,7;11,3;0,0;20,0;104,5
  01/1988;  3,4;  0,0;  0,0;  0,0;  9,3;  0,0; 55,8;  0,0;  0,0;  9,1;  0,0;  0,0;  0,0;  0,0;  0,0; 23,1;  0,0;  0,0; 10,5;  0,0;  0,0;  0,0; 46,1;  3,5; 48,3; 27,9;  0,0;  0,0;0,0;0,0;1,3;55,8;238,3
  02/1988;  3,8;  0,3;  0,0;  0,0;  3,5;  0,0; 13,5; 13,8; 23,4; 25,5; 25,0;  0,0;  0,0;  3,7; 24,4;  0,1;129,3; 10,4;  0,0;  0,0;  0,0;  0,0;  0,0;  0,0;  0,0;  2,6; 20,0;  8,2;13,9;---;---;129,3;321,4
  03/1988; 22,5; 15,9; 19,9; 13,7;  0,0;  0,0;  0,4;  0,0;  4,4;  0,0;  0,0;  0,0;  0,0;  0,0;  0,0;  0,0;  2,1; 79,5; 19,1;  0,0;  0,0;  0,0;  0,0;  0,0;  0,0;  0,0;  0,0;  0,0;0,0;0,0;0,0;79,5;177,5
  04/1988;  0,0;  0,0;  0,0;  0,0;  0,0;  0,0;  0,0;  4,4;  0,7;  0,0;  0,0;  0,0;  7,5; 47,0;  0,0;  0,0; 24,2;  0,0; 10,9; 15,1;  3,8;  0,0;  0,0;  0,0;  0,0;  0,0;  0,0;  1,2;5,8;0,0;---;47,0;120,6
  05/1988;  0,0;  0,0;  0,0;  0,0;  3,9;  2,0;  1,6;  0,0;  4,1;  0,0;  0,0;  0,0;  5,2;  8,2;  0,0;  0,0; 12,7;  5,1;  0,5;  0,0;  0,0;  5,8; 14,8; 34,5;  9,3;  0,0;  0,4; 16,0;20,9;32,1;3,1;34,5;180,2
  06/1988;  0,0;  0,0;  0,0;  9,9;  0,0;  0,0;  0,0;  0,0;  0,0;  0,0;  0,0;  0,0;  0,0; 27,4;  7,6;  0,0;  0,0;  0,0;  0,0;  0,0; 10,9;  0,0;  0,0;  0,0; 10,3;  0,0;  0,0;  0,0;0,0;0,0;---;27,4;66,1
  07/1988;  0,0;  0,0;  0,0;  0,0;  0,0;  0,0;  0,0;  0,4;  0,0;  0,0;  0,0;  0,0;  0,0;  1,1;  0,0;  0,0;  0,0;  0,0;  0,0;  0,0;  0,0;  0,0;  0,0;  0,0;  0,0;  0,0;  0,0;  0,0;0,0;0,0;0,0;1,1;1,5
  08/1988;  0,0;  0,0;  0,0;  0,0;  0,0;  0,0;  0,0;  0,0;  0,0;  0,0;  0,2;  0,0;  0,0;  0,0;  0,0;  0,0;  0,0;  0,0;  0,0;  0,0;  0,0;  2,0;  0,0;  0,0;  0,0;  0,0;  0,0;  0,0;0,0;0,0;0,0;2,0;2,2
  09/1988;  0,0;  0,0;  0,0;  0,0;  0,0;  0,0;  0,0;  0,0;  0,0;  0,0;  0,0;  0,0;  0,0;  0,0; 14,1;  2,6;  4,3;  4,7;  0,0;  0,0;  0,0;  0,0;  0,0;  0,0;  0,0;  0,0;  0,0;  0,0;2,9;0,0;---;14,1;28,6
  10/1988;  0,0;  0,0;  0,0;  0,0; 11,5;  0,0;  0,0;  0,0;  0,0;  0,0;  0,0; 15,2;  4,9;  5,9;  0,0;  0,0;  0,0;  4,7;  0,0; 38,1;  2,9;  0,5;  1,7;  0,0;  0,0; 63,6;  2,7;  8,3;0,0;0,0;0,4;63,6;160,4
  11/1988; 16,2;  8,3;  0,0;  0,0;  0,0;  0,0;  0,0; 24,9;  0,0;  0,0;  0,0;  0,0;  4,7;  0,6;  7,9;  0,0;  0,0;  0,0;  0,0;  3,4;  0,0;  1,4;  0,0;  0,0;  0,0;  0,0;  9,0;  0,0;0,0;0,0;---;24,9;76,4
  12/1988;  0,0;  5,4;  0,8;  0,0;  0,0;  0,0;  0,0;  0,0;  0,0;  0,0;  0,0;  0,0;  0,0;  0,0; 17,0;  0,0;  0,0;  0,0;  0,0;  1,6; 67,4; 34,8;  0,0; 42,2;  7,9; 25,7;  0,6;  0,4;0,0;0,0;0,0;67,4;203,8
  01/1989;  0,7;  0,9;  0,0; 19,0; 29,9; 53,6;  9,7;  1,4;  8,8; 39,4;  3,1;  5,5;  0,0; 21,3;  0,4; 12,8;  0,0;  0,0;  1,2;  0,0;  0,0;  0,0; 64,9; 12,8; 34,5;  0,0;  0,0;  6,2;0,0;0,0;0,0;64,9;326,1
  02/1989;  0,0;  0,6;  0,4;  3,2; 13,6;  0,2;  0,0;  7,8; 56,6;  0,8; 16,2; 56,4;  0,8; 15,6; 16,6;  0,0;  0,0;  0,0;  0,0; 11,9;  0,0;  0,0;  0,8;  0,0; 13,8; 16,6;  0,0; 26,2;---;---;---;56,6;258,1
  03/1989;  1,6;  0,0;  0,0;  0,0;  0,0;  0,0;  0,0;  0,8; 25,8;  0,4;  0,0;  0,0;  9,4;  0,0;  0,0; 34,8;  0,0; 15,0; 38,3;  0,0;  0,0;  8,2; 16,2;  0,0;  0,0; 21,6;  0,0;  0,0;0,0;1,3;0,0;38,3;173,4
  04/1989;  0,6;  1,8; 11,6;  0,0;  0,0;  0,0;  0,0;  0,0;  0,0;  0,0;  0,0; 40,2;  3,6;  0,6;  0,0;  0,0;  0,0;  0,0; 88,1;  0,8;  1,4;  0,0;  0,0;  0,0;  0,0;  0,0;  0,0;  0,1;0,0;0,0;---;88,1;148,8
  05/1989;  0,0;  1,2;  0,0;  0,0;  1,2;  0,0;  1,6;  2,8;  0,0;  0,0;  0,0;  0,0;  0,0;  0,0;  0,0;  0,0;  0,0;  0,0;  0,0;  0,0;  0,0;  0,0;  0,0;  0,0;  0,0; 27,8;  0,0;  1,6;0,0;0,0;0,0;27,8;36,2
  06/1989;  0,0;  0,0;  0,0;  0,0;  0,0;  0,0;  0,0;  0,3;  0,0;  0,0;  0,0; 28,6;  0,0;  0,0;  0,0;  0,0;  1,1;  0,0;  0,0;  0,0;  0,0;  0,0;  0,0;  0,0;  2,0;  0,0;  0,0;  0,0;0,0;0,0;---;28,6;32,0
  07/1989;  0,0;  0,0;  0,0;  0,0;  0,0;  0,0;  0,0;  0,0;  0,0;  0,0;  0,0;  0,0;  0,0;  0,0;  0,0;  0,0;  0,0;  0,0;  0,0;  0,0;  0,0;  0,0;  0,0;  0,0;  0,0; 16,9; 44,2; 27,6;4,6;12,3;0,0;44,2;105,6
  08/1989;  0,0;  0,0;  0,0;  0,0;  0,0;  0,0;  0,0;  0,0;  0,0;  0,0;  0,0;  0,8;  0,0;  0,0;  0,0;  0,0;  0,0;  0,0;  0,0;  0,0;  0,0;  0,0;  0,0;  0,0;  0,0;  0,1;  0,0;  0,2;0,0;0,0;0,0;0,8;1,1
  09/1989; 14,4;  7,6;  0,0;  0,0;  0,0;  0,0;  0,0;  0,0;  0,0; 12,7;  0,8;  0,0;  5,6; 12,6;  0,0;  0,0;  0,0;  0,0;  0,0;  0,0;  0,0;  0,0;  0,0;  0,0;  0,0;  0,0; 10,4;  0,0;0,0;0,0;---;14,4;64,1
  10/1989;  0,0;  0,0;  0,0; 20,0;  0,0;  0,0;  0,0;  0,0;  0,0;  0,0;  0,0;  3,6; 33,8;---;---;---;---;---;---;---;---;---;---;---;---;---;---;---;---;---;2,7;---;---
  11/1989;  0,0;  0,0;  0,0;  0,3;  0,0;  0,0;  0,0;  0,0;  0,0;  1,6;  0,0;  4,5; 20,8;  0,0;  0,0;  0,0;  0,0;  0,0;  0,0;  3,5;  0,0; 18,9;  0,0;  0,0;  0,0;  0,0;  0,0; 12,0;0,0;0,0;---;20,8;61,6
  12/1989;  0,0;  0,0;  0,0;  0,0;  0,0;  0,0;  0,0;  0,0;  0,0;  0,0; 29,3; 25,0;  0,0;  5,4;  0,0;  7,1;  0,0;  0,0;  0,0; 22,3;  0,0;  0,0;  0,0;  0,0;  0,0;  0,0; 20,0; 22,0;3,3;0,7;17,3;29,3;152,4
  01/1990; 10,0; 21,6; 14,3;  0,0;  8,2; 11,9; 10,1;  0,0;  0,0;  5,0;  7,5;  8,8;  1,9;  0,0; 10,0; 13,0;  0,0;  0,0;  0,0;  0,0;  0,0; 42,5; 57,0;  0,0;  0,0;  0,0;  0,0;  0,0;0,3;0,0;0,0;57,0;222,1
  02/1990;  0,0;  0,0;  0,0;  0,0;  0,0;  0,0;  9,0;  0,0;  1,5;  0,0; 29,9;  0,0; 15,1; 73,1;  0,0; 15,7;  0,0;  0,0;  0,0;  0,0;  0,0;  0,0; 61,2;  3,0;  0,0;  0,0;  0,0;  3,5;---;---;---;73,1;212,0
  03/1990;  1,0;  0,0; 37,5;  2,5;  3,5;  0,0;  7,5;  5,7;  0,0;  7,0; 10,9; 11,5;  0,0;  0,0;  0,0;  0,0;  0,0;  0,0;  0,0; 35,4;  1,3; 52,0;  5,5;  3,1;  0,0;  0,0;  1,2;  0,0;0,0;0,0;0,0;52,0;185,6
  04/1990;  0,0;  0,0;  0,0;  0,0;  0,0;  0,0;  0,0;  0,0;  0,0;  0,0;  0,0;  0,0;  0,0;  0,0;  0,0;  0,0;  0,0;  0,0;  0,0;  0,0;  0,0;  0,0;  0,0;  0,0;  0,0;  0,0;  0,0;  0,0;30,0;41,7;---;41,7;71,7
  05/1990;  0,0; 14,1;  0,0;  0,0;  0,0;  0,0;  0,0;  0,0;  0,0;  0,0;  0,5;  0,0;  0,0;  0,0;  0,0; 15,0;  0,1;  4,3;  0,0;  0,0;  0,0;  0,0;  0,0;  0,0;  0,0;  0,0;  0,0;  0,0;0,0;0,0;0,0;15,0;34,0
  06/1990;  0,0;  0,0;  0,0;  0,0;  0,0;  0,0; 16,0;  0,0;  0,0;  0,0;  0,0;  0,0;  0,0;  0,0;  7,6;  0,0;  0,0;  0,0;  0,0;  0,0;  6,0;  0,0;  0,0;  0,0;  0,0;  0,0;  0,0;  0,0;0,0;0,0;---;16,0;29,6
  07/1990;  0,0;  0,0;  0,0;  0,0; 70,4;  0,0;  0,0;  0,0;  0,0;  0,0;  0,0;  0,4;  0,0;  0,0;  0,0;  0,0;  4,2;  3,6;  0,0; 20,4;  4,6;  0,0;  3,6;  7,4;  2,3;  0,0;  0,1;  0,0;0,0;0,0;0,0;70,4;117,0
  08/1990;  0,0;  0,0;  0,0;  0,0;  0,0;  0,0;  0,0;  0,0;  0,0;  0,0;  0,0;  0,0;  0,0;  0,0;  0,0;  0,0;  5,5;  0,0;  0,0; 32,4;  0,0;  0,0;  2,4;  0,0;  0,0;  0,0;  0,0;  5,4;0,0;0,0;0,0;32,4;45,7
  09/1990;  0,0;  0,0;  0,0;  0,0;  0,0;  0,0;  0,0;  0,0;  0,0;  0,0;  0,0;  0,0; 22,6; 55,0;  0,0;  0,0;  0,0;  0,0;  0,0;  0,0;  0,0;  0,0;  0,0;  0,0;  0,0;  0,0;  0,0;  0,0;0,0;0,0;---;55,0;77,6
  10/1990;  2,5;  3,0;  0,0;  0,0; 17,1;  0,0;  0,0;  0,0;  0,0;  0,0;  0,0;  9,6;  0,2;  0,0;  0,2;  0,0;  1,0;  0,1;  9,5; 12,7; 20,3;  0,0;  0,0;  0,0;  0,0;  0,0;  0,0;  0,0;0,0;0,0;0,0;20,3;76,2
  11/1990;  0,0;  0,0;  0,0;  0,0;  9,2;  0,0;  2,3;  0,0;  0,0;  0,0; 61,2;  0,0;  0,0;  0,0;  0,0;  0,0;  0,0;  0,0;  0,0;  0,0;  0,0; 29,3;  0,0;  0,0;  0,0;  0,0;  0,0;  0,0;0,0;0,0;---;61,2;102,0
  12/1990;  0,0;  0,0;  0,0;  0,0;  0,0;  0,3; 35,0;  4,5;  0,0;  0,0;  0,0;  0,0; 36,3; 22,5;  0,0;  0,0;  0,0;  0,0;  0,0; 13,3;  0,0;  0,0;  0,0;  0,0;  0,0;  0,0;  0,0;  0,0;0,0;0,0;0,0;36,3;111,9
  01/1991;  0,0;  6,9;  0,0; 10,0; 14,2;  0,0;  0,0;  0,0;  0,0;  0,0;  0,0; 15,1;  0,0;  0,0;  3,9; 66,5;  1,0;  4,5;  0,0;  0,0;  0,0;  0,0;  1,1;  0,0;  0,0; 33,3; 33,2; 21,2;0,0;0,0;0,0;66,5;210,9
  02/1991;  1,1;  1,5;  1,0;  6,1; 10,3; 10,7; 29,3; 12,1; 32,0;  0,0;  0,0; 42,1;  5,7;  0,0;  0,0;  0,0;  0,0; 14,0; 35,2;  0,0;  0,0;  0,0;  0,0;  0,0;  0,0;  0,0;  0,0; 47,5;---;---;---;47,5;248,6
  03/1991;  8,0;  7,6; 23,8; 20,0; 79,2;  5,6;  5,0;  5,0; 12,0;  0,0;  0,0; 55,2;  0,0; 14,2;  0,0;  0,0;  0,0;  0,0;  0,0; 59,1;  0,0; 22,3;  1,7; 10,0; 16,7; 30,0; 16,2; 29,0;27,0;2,5;2,0;79,2;452,1
  04/1991;  4,5;  0,0;  0,0;  0,0;  2,0;  0,0;  0,0;  0,0;  2,3;  0,0;  1,0;  0,0;  0,0;  0,0;  0,0;  3,2; 20,2;  0,0; 10,0;  0,0;  0,0;  0,0;  0,0;  0,0; 74,5; 25,2; 19,0;  0,0;0,0;0,8;---;74,5;162,7
  05/1991;  0,0;  0,0;  0,0;  0,0;  0,0;  0,8;  3,3; 15,2;  0,0;  0,0;  0,0;  0,0;  0,0;  0,0;  2,0;  3,2;  0,0;  0,0;  0,0;  0,0;  0,0;  0,0;  2,5;  0,0;  0,0;  0,0;  0,0;  0,0;0,0;0,0;0,0;15,2;27,0
  06/1991;  0,0;  0,0;  0,0;  0,0;  0,0;  0,0;  0,0;  2,8;  0,0;  0,1;  0,0;  0,0;  0,0;  0,0;  0,0;  0,0;  0,0;  0,0;  0,0;  0,4;  6,5;  5,0;  7,0;  3,0; 27,2;  0,0;  0,1;  0,0;10,4;1,4;---;27,2;63,9
  07/1991;  0,0;  0,0;  0,0;  0,0;  0,0;  0,0;  0,0;  0,0;  0,0;  0,0;  7,8;  0,0; 13,0;  4,3;  0,0;  0,0;  0,0;  0,0;  0,0;  0,0;  0,0;  0,0;  0,0;  0,0;  0,0;  0,0;  0,0;  0,0;0,0;0,0;0,0;13,0;25,1
  08/1991;  0,0;  1,8;  1,1;  0,0;  0,0;  0,0;  3,3; 16,2; 27,7;  0,0;  0,0;  0,0;  0,0;  0,0;  0,0;  0,0;  0,0;  0,0;  0,0;  0,0;  0,0;  0,0;  0,0;  0,0;  0,0;  0,0;  0,0;  0,0;0,0;0,0;0,0;27,7;50,1
  09/1991;  0,1;  2,3;  0,0;  0,0;  0,0;  0,0;  0,0;  0,0;  0,0;  0,0;  0,0;  0,0;  0,0;  0,0;  0,0;  0,0;  0,0;  0,0;  3,2;  8,8;  0,0;  0,0;  0,0;  4,5;  0,0; 12,0;  0,0;  0,0;3,1;24,2;---;24,2;58,2
  10/1991; 24,4;  0,0;  7,9;  0,0;  0,0; 48,2; 62,1;  0,0;  0,8;  4,0;  3,0;  0,0;  0,0;  0,0;  0,0;  0,0;  0,0;  0,0;  0,0;  0,0;  0,0;  0,0;  0,0;  0,0;  0,0;  0,0;  0,0;  0,0;0,0;0,0;0,0;62,1;150,4
  11/1991;  0,8;  8,8;  2,0;  0,0;  0,8;  0,0;  0,0;  0,0;  0,0;  7,3;  0,0;  0,0; 21,1;  0,2;  0,0;  0,0;  0,0;  0,0;  0,0;  0,0;  0,0;  0,0;  0,0;  0,0;  0,0;  0,0;  0,0;  0,0;0,0;0,3;---;21,1;41,3
  12/1991; 11,8;  5,2;  0,0;  0,0;  0,0; 19,0; 18,5;  0,0;  0,0;  7,9; 28,5;  0,5;  0,0;  0,0;  0,0; 10,5;  7,8;  0,0;  3,2; 16,9;  0,0;  0,0; 23,3;  0,3;  0,0;  3,0; 14,0; 14,0;0,0;0,0;2,8;28,5;187,2
  01/1992;  4,0;  0,0;  0,4; 50,0;  0,0;  0,0;  0,0;  0,0;  0,0;  0,0;  0,0; 10,0;  0,0;  0,0; 16,8;  0,0;  1,0;  0,0;  0,0;  0,0;  0,0;  0,0; 15,1;  0,0;  0,0;  0,0;  0,0;  8,0;0,0;30,4;0,0;50,0;135,7
  02/1992; 20,3;  0,0;  0,0;  6,5;  9,0; 10,5;  0,0;  8,1;  5,0; 20,0;  0,0;  0,0;  0,0;  0,0; 10,0;  0,0;  0,0;  1,3;  0,0; 26,0; 17,5;  0,0;  0,0;  0,0;  0,0; 40,9;  0,0;  5,5;1,0;---;---;40,9;181,6
  03/1992;  0,0;  7,8;  1,4;  2,8;  5,9;  0,3;  0,0; 13,2;  5,2;  7,7;  4,4;  0,0;  1,1;  0,0;  1,5;  0,0;  6,8;  3,0;  0,3; 43,6;  0,0;  0,0;  0,0;  1,1; 15,7;  0,4;  0,8;  0,5;0,0;58,2;4,7;58,2;186,4
  04/1992;  7,2;  0,0;  0,0;  0,0;  0,0;  0,0;  0,0;  0,8;  0,0;  0,0;  0,0;  7,4;  0,0;  0,0;  0,3;  0,0;  0,0;  5,1;  0,0;  3,8;  1,6;  0,0;  0,0;  0,0;  0,0;  0,0;  8,4;---;---;---;---;---;---
  05/1992;---;---;---;  0,0;---;  0,3;  0,0;  0,0;  0,0;  0,0;  0,0;  0,0;  6,7;  1,6;  0,0;  0,0;  0,0;  0,0;  4,0;  6,8;  0,0;  0,0;  8,9;  0,0;  0,0;  0,0;  0,0;  0,0;0,0;0,0;0,0;---;---
  06/1992;  0,0;  0,0;  0,0;  0,0;  0,0;  0,0;  0,0;  0,0;  0,0;  0,0;  0,0;  0,0;  0,0;  0,0;  0,0;  0,0;  0,0;  0,0;  0,0;  0,0;  0,0; 14,4;  0,0;  0,0;  0,0;  0,0;  0,0;  0,0;0,2;0,0;---;14,4;14,6
  07/1992;  0,0;  0,0;  0,0;  0,5;  0,0;  0,0;  3,5; 10,0;  4,1;  0,0;  0,0;  0,0;  0,0;  0,0;  0,0;  0,0;  0,0;  0,0;  0,0;  0,0;  0,0;  0,0;  0,8;  0,5;  0,0;  0,0;  0,0;  0,0;0,0;0,0;0,0;10,0;19,4
  08/1992;  0,0;  0,0;  0,0;  0,0;  0,0;  0,0;  0,0;  0,0;  0,0;  0,0;  0,0;  0,0;  1,6;  0,0;  0,0;  0,0;  0,0;  2,0;  3,7;  0,0;  0,0;  6,4;  7,6;  0,3;  0,0;  0,0;  0,0;  0,0;0,0;0,0;0,0;7,6;21,6
  09/1992;  0,0;  2,2;  0,2;  0,0;  0,0;  5,0; 14,0;  1,3;  0,0;  0,0;  4,5;  4,3;  5,5;  0,0; 19,4; 37,8;  0,0;  0,0;  2,7;  0,0;  0,0;  1,5;  0,0;  0,0;  0,0;  8,9;  0,0;  2,7;0,6;0,0;---;37,8;110,6
  10/1992;  0,0;  3,5;  8,9;  0,6;  0,0;  0,0; 31,3;  3,5;  1,7;  0,0;  0,0;  9,5; 17,3;  0,0;  0,0;  0,0;  0,0; 46,0;  6,4;  0,0;  1,3;  0,3;  0,0;  0,0;  0,0;  0,0;  0,0;  4,6;5,3;30,5;12,1;46,0;182,8
  11/1992;  0,0;  0,5;  0,4;  0,0; 24,3;  2,8;  6,0;  2,2; 20,5;  0,0;  0,0;  0,0;  0,0;  0,0;  0,0;  0,0; 23,7;  0,0;  0,0;  0,0;  0,0;  0,0; 28,9;  0,0; 11,8; 36,7;  2,1;  0,0;0,0;0,0;---;36,7;159,9
  12/1992;  6,4; 20,8;  0,4;  0,0;  0,0;  0,0; 16,5;  0,0;  0,0;  0,0; 53,1; 40,8;  0,9;  0,0;  0,0;  0,0;  0,0;  2,4;  0,1; 45,5;  0,0;  0,0;  0,0;  0,0;  0,0;  0,0;  0,0;  0,0;0,0;0,0;0,0;53,1;186,9
  01/1993;  0,0;  0,0;  0,0; 12,3;  0,2;  2,7; 26,4;  0,0;  0,0; 13,5;  4,7;  6,1;  1,5; 32,0;  0,0;  0,0;  0,0; 11,3; 40,6;  0,0; 72,0;  0,0;  0,0;  0,0; 25,5;  0,0;  0,0;  8,1;0,0;0,0;2,5;72,0;259,4
  02/1993;  3,8;  0,0;  2,7; 28,8;  0,8;  1,0;  2,0;  2,8;  0,9;  0,0;  1,3;  0,8;  6,4; 45,6;  8,6; 19,5; 16,1;  2,4; 10,0; 41,5;  0,0; 11,7; 10,9; 16,5;  0,0;  0,0;  0,0;  8,9;---;---;---;45,6;243,0
  03/1993;  0,0;  0,0;  2,5;  0,0;  6,9;  0,0;  0,0;  0,0;  0,0;  0,0;  0,0;  0,0;  0,0;  0,0;  0,0;  0,0;  2,8;  0,0;  2,3; 12,2;  0,9;  0,0;  1,8; 30,5; 15,3;  0,0;  0,0;  0,0;16,5;3,8;0,0;30,5;95,5
  04/1993;  0,0;  5,9; 11,8;  0,0;  0,0;  3,3;  0,0;  0,0; 22,7;  0,0;  0,0;  0,0; 69,2;  0,0;  0,0;  0,0;  0,0;  0,0;  0,0;  0,0;  0,0;  0,0;  0,0; 21,3;  2,4;  0,0;  0,0;  0,0;0,0;0,0;---;69,2;136,6
  05/1993;  0,0;  1,1; 12,8;  0,0;  0,0; 10,6;  0,0;  0,0;  0,0;  0,0;  0,0;  0,0;  0,0;  8,5; 14,1;  0,0;  0,0;  0,0;  0,0;  0,0;  0,0;  0,0;  0,0;  0,0;  0,0;  0,0;  0,0;  3,9;0,0;0,0;0,0;14,1;51,0
  06/1993; 50,0;  5,7;  0,0;  0,0;  3,5;  1,8;  0,7;---;---;---;---;---;---;---;---;---;---;---;---;---;---;---;---;---;---;---;---;---;---;---;---;---;---
  08/1993;---;---;---;---;---;---;---;---;---;---;---;---;---;---;---;---;---;---;---;  0,0;  0,0;  0,0;  0,0; 25,6; 24,5;  0,0;  0,0;  0,0;0,0;---;---;---;---
  09/1993;---;---;---;---;---;---;---;---;  0,0;  2,3;  2,8;  1,8;  0,0;  0,0;  4,2; 17,6;  1,2;  0,0;  0,0;  0,0; 52,0; 11,0; 19,7;  5,6; 28,2;  0,0; 13,0;  0,0;0,0;0,0;---;---;---
  10/1993;  0,0;  0,0; 13,2; 14,0; 40,5;  0,0;  0,0;  0,0;  0,0;  0,0;  0,0;  0,0;  0,0;  0,0;  0,0;  0,0;  0,0; 57,7;  0,0;  5,5;  0,0;  0,0;  0,0;  0,0;  0,0; 35,2;  0,0;  0,0;0,0;0,0;0,0;57,7;166,1
  11/1993;  0,0;  1,7;  0,0;  0,0;  0,0;  0,0;  6,3;  0,0;  0,0;  0,0;  0,0;  0,0;  0,0;  0,0;  0,0;  0,0;  0,0; 36,0;  0,8;  0,0;  0,0;  0,0;  0,0; 10,8;  0,0;  1,8;  0,0;  7,8;0,0;0,0;---;36,0;65,2
  12/1993;  3,8; 17,9;  0,0;  0,0;  0,0;  0,0;  4,9;  0,0;  0,0;  2,8; 13,3;  0,0;  0,0;  0,0;  3,6;  0,0;  0,0;  0,4;  0,0; 24,1; 11,6;  0,0;  0,0;  0,0;  5,5;  0,0;  0,0;  0,0;---;---;---;---;---
  04/1994;---;---;---;---;---;---;---;---;---;---;---;---;---;---;---;---;---;---;---;---;  0,0; 25,1;  7,6;  0,0;  2,2;  0,0;  0,0;  0,0;0,0;0,0;---;---;---
  05/1994;  0,0;  0,0;  0,0;  0,0;  0,0;  0,0;  0,0;  0,0;  0,0;  0,0;  0,0;  0,0;  0,0;  6,1;  3,2;  0,0;  0,0;  0,0;  0,0;  0,0;  0,4;  0,8;  0,0;  0,0;  0,0;  0,0; 19,9;---;---;---;---;---;---
  06/1994;---;---;---;---;---;---;---;---;---;---;  0,0;  0,0;  0,0;  0,0;  0,0;  0,0;  0,0;  0,0;  0,0;  0,0;  0,0;  1,9;  0,0;  0,0;  4,8;  0,0;  0,0;  0,0;0,0;0,0;---;---;---
  07/1994;  0,0;  0,0;  0,0;  0,0;  0,0;  0,0;  0,0;  3,1;  0,4;  0,0;  0,0;  0,0;  0,0;  0,0;  0,0;  0,0;  0,0;  0,0;  0,0;  0,0;  0,0;  0,0;  9,5; 14,8;  0,0;  0,0;  0,0;  0,0;0,0;0,0;0,0;14,8;27,8
  08/1994;  0,0;  0,0;  0,0;  0,0;  0,0;  0,0;  0,0;  0,0;  0,0;  0,0;  0,0;  0,0;  0,0;  0,0;  0,0;  0,0;  0,0;  0,0;  0,0;  0,0;  0,0;  0,0;  0,0;  0,0;  0,0;  0,0;  0,0;  0,0;0,0;0,0;0,0;0,0;0,0
  09/1994;  0,0;  0,0;  0,0;  0,0;  0,0;  0,0;  0,0;  0,0;  0,0;  0,0;  0,0;  0,0;  0,0;  0,0;  0,0;  0,0;  0,0;  0,0;  0,0;  0,0;  0,0;  0,0;  0,0;  0,0;  0,0;  0,0;  0,4;  0,1;0,0;0,0;---;0,4;0,5
  10/1994;  0,0;  0,3;  0,0;  0,0;  0,0;  0,0;  0,0;  0,0;  0,0;  0,0;  0,0;  0,0;  0,0;  7,7;  0,0;  0,0;  0,0;  4,5;  0,0;  0,0; 17,6;  0,0;  0,0;  0,0;  1,4; 14,3; 30,9; 10,0;5,8;0,0;0,0;30,9;92,5
  11/1994;  0,0;  1,8;  0,0;  0,0;  0,0;  0,0;  0,0;  0,0;  0,0;  0,0;  0,0;  0,0;  0,0; 39,0;  0,0;  4,8;  4,8;  2,5; 16,3;  0,0;  0,0;  0,0;  0,0;  0,0;  0,0;  0,0;  0,0; 31,1;23,3;0,0;---;39,0;123,6
  12/1994;  0,0;  0,0;  0,0;  0,0; 12,6; 35,3; 49,3;  0,6;  0,0;  0,0;  0,0;  4,4; 18,3;  0,0;  0,0;  0,0;  0,0; 26,2; 20,1;  0,0;  0,0; 32,5; 38,5;  0,0;  0,0;  0,0;  0,0; 26,0;0,0;0,1;20,5;49,3;284,4
  01/1995; 28,1;  7,2;  5,0; 16,4;  1,2;  4,2;  0,0;  0,0;  4,5;  7,2;  3,1; 38,3;  1,3; 29,0; 30,4;  0,0;  0,0;  0,3;  2,0;  5,0;  3,0;  2,4;  0,1;  0,0;  0,0;  0,0;138,5;  4,2;0,0;0,0;44,7;138,5;376,1
  02/1995;  4,0; 13,7; 77,1;  4,6; 33,1; 26,4; 33,2; 15,8; 22,6; 14,4;  1,5;  0,0; 19,0; 17,3;  6,1;  0,0;  8,4;  7,0; 12,6; 49,6; 18,0;  0,0;  0,0;  0,0;  0,0;  0,0;  9,0;  1,3;---;---;---;77,1;394,7
  03/1995;  0,0;  8,7;  0,2; 20,4;  0,0;  0,0;  1,1;  0,0;  0,0; 56,7;  0,0;  0,2;  0,0; 13,9;  0,3; 31,0;  0,0;  0,0;  0,0;  1,6;  0,0;  0,0;  0,2;  2,5; 11,2;  0,0;  0,0;  0,0;0,0;41,2;62,2;62,2;251,4
  04/1995;  8,2;  0,0;  0,0;  0,0;  0,0;  0,0;  0,0;  0,0;  0,0;  1,4;  0,0; 13,1;  0,0;  0,0;  0,0;  0,0;  0,0;  0,0;  0,0; 17,0;  9,1;  0,0;  0,0;  0,0;  0,0;  0,0;  0,0;  0,0;0,0;0,0;---;17,0;48,8
  05/1995;  0,0;  0,0;  0,0;  0,0;  0,0;  0,3;  0,0; 26,6;  0,0;  5,4; 14,4;  0,0;  0,0;  0,0;  0,0;  0,0;  1,7;  3,9;  5,1;  0,0;  0,0;  0,0;  1,7;  0,0;  0,0;  0,0;  0,0;  0,0;0,0;0,0;0,0;26,6;59,1
  06/1995;  0,0;  0,0;  0,0;  0,0;  0,0;  0,0;  0,0;  0,0;  0,0;  0,0;  0,0;  0,0;  0,0;  0,0;  0,0;  0,0;  0,0;  1,7; 30,1;  0,9;  0,0;  0,0;  0,0;  0,0;  0,0;  6,3;  0,0;  0,0;0,0;1,9;---;30,1;40,9
  07/1995;  0,6;  0,0;  0,0;  0,0;  0,0;  0,0;---;  6,0;---; 37,9;  0,0;  0,0;  0,0;  0,0;  0,0;  0,0;  0,0;  0,0;  0,0;  0,0;  0,0; 20,3;  0,0;  0,0;  0,0;  0,0;  0,0;  0,0;0,0;0,0;0,0;---;---
  08/1995;  0,0;  0,0;  0,0;  0,0;  7,2; 14,5;  0,0;  0,0;  0,0;  0,0;  0,0;  0,0;  0,0;  0,0;  0,0;  0,0;  0,0;  0,0;  0,0;  0,0;  0,0;  0,0;  0,0;  0,0;  0,0;  0,0;  0,0;  0,0;0,0;0,0;0,0;14,5;21,7
  09/1995;  0,0;  0,0;  0,0;  0,0;  0,0;  0,0;  0,0;  0,0;  0,0;  0,0;  0,0;  0,0;  1,2;  0,0;  0,0;  0,0;  0,0;  4,6;  0,0;  5,2;  0,9;  0,0;  0,0; 24,0;  2,8;  4,0; 10,4;  0,0;1,4;0,0;---;24,0;54,5
  10/1995;  0,0;  0,0;  0,0;  0,1;  0,0;  8,6;  0,0;  2,0;  4,4;  0,0;  0,0;  0,0;  0,0; 38,4;  9,0; 19,9; 23,1; 11,3;  0,0;  0,0; 38,9; 15,4;  0,0;  0,0;  0,0;  0,0;  0,0;  0,0;7,5;18,0;6,9;38,9;203,5
  11/1995;  0,0;  2,7;  0,0;  8,0;  2,6;  0,0;  0,0;---;---;---;---;---;---;---;  0,0; 22,7;  0,0;  0,0; 18,8;  0,0;  0,0;  0,0;  0,0;  0,8;  0,0;  0,0;  0,5; 57,4;0,8;0,0;---;---;---
  12/1995;  0,0;  0,0;  0,0;  0,0;  0,0;  0,0;  0,0;  0,0;  1,7;  0,5;  0,0; 14,1; 23,6;  7,2;  0,0;  0,0;  0,0;  0,0;  0,5;  2,4;  0,0;  0,0;  0,0;  8,2;  0,6;  1,3;  3,0;  6,3;60,3;29,0;5,2;60,3;163,9
  01/1996;  0,0;  0,8; 47,7; 43,9;  0,4; 12,0; 33,2;  0,0; 22,7;  0,0;  6,1;  0,0;  0,0;  1,9;  0,4;  0,0;  0,0;  1,1;  6,1;  0,3;  7,8;  3,7;  0,0;  0,0; 19,2; 22,0;  0,0; 33,1;0,0;0,0;0,0;47,7;262,4
  02/1996;  4,0;  0,0;  0,0;  3,8; 41,2;  0,0; 11,1;  7,1;  0,0;  0,0;  7,9;  0,3;  0,5;  0,0;  0,0;  0,0;  0,0;  0,0; 33,7;  0,8;  0,0;  0,0;  2,2;  0,0;  7,0;  0,0;  0,0; 46,1;13,2;---;---;46,1;178,9
  03/1996; 16,2; 18,9;  1,2; 17,5; 31,1;  0,0; 26,2; 14,7; 24,7;  1,8;  0,0;  0,0;  0,0; 58,3;  0,3;  9,4; 20,0;  0,0;  0,0; 61,5;  3,5;  0,9;  0,0; 27,2;  0,0;  0,0;  0,0; 14,8;0,0;0,0;0,0;61,5;348,2
  04/1996;  0,0;  0,0;  0,0;  0,0;  0,0;  0,0;  0,0;  0,0;  0,0;  0,0;  5,6;  0,2;  0,0;  0,0;  1,9; 14,4;  5,9;  0,5;  0,0;  0,0;  0,0;  0,0;  0,0;  0,0;  0,0;  0,0;  1,9;  0,0;0,0;0,0;---;14,4;30,4
  05/1996;  0,0;  0,5;  0,5;  0,0;  0,0;  0,0;  0,0;  0,0;  0,0;  0,0;  0,0;  0,0;  0,0;  0,0;  0,0; 10,0;  3,2;  0,0;  0,0;  0,0;  0,0;  0,0;  0,0; 10,4;  0,0;  0,0;  0,0;  0,0;0,0;0,0;0,0;10,4;24,6
  06/1996;  0,0;  2,5;  0,0;  0,0;  0,0; 13,8;  0,4;  0,0;  0,0;  0,0;  0,0;  0,0;  0,0;  0,0;  0,0;  0,0;  0,0;  0,0;  0,0;  0,0;  0,0;  0,0;  0,0;  0,0;  0,0;  0,0;  0,0; 14,7;8,4;0,0;---;14,7;39,8
  07/1996;  0,0;  0,0;  0,2;  0,0;  0,0;  0,0;  0,0;  0,0;  0,3;  0,0;  0,0;  0,0;  0,0;  0,0;  0,0;  0,0;  0,0;  0,0;  0,0;  0,0;  0,4;  0,0;  0,0;  0,0;  0,0;  0,0;  0,0;  4,1;0,0;0,0;0,0;4,1;5,0
  08/1996;  0,0;  0,0;  0,0;  0,0;  0,0;  0,0;  0,0;  0,0;  0,0;  7,6;  0,0;  0,6;  0,0;  0,0; 18,9;  0,0;  0,0;  0,0;  0,0;  0,0;  0,0;  0,0;  0,0;  0,0;  0,0;  0,0;  0,0;  0,0;0,0;0,0;0,0;18,9;27,1
  09/1996;  0,0;  4,4; 29,7;  0,0;  0,0;  0,0;  0,0;  0,0; 35,0;  0,0; 73,9;  0,0;  0,0;  0,0;  0,0;  0,0;  0,0;  0,0;  0,0;  0,0;  0,0;  0,0;  0,0;  0,0;  4,9;  0,0;  0,0;  0,0;6,2;0,0;---;73,9;154,1
  10/1996;  0,0;  0,0; 64,7;  1,7;  0,0;  0,0; 16,0; 14,2;  0,0;  0,0;  0,0;  0,0;  0,0;  7,5;  0,0;  0,0;  0,0;  0,0;  0,0;  3,6;  0,0;  0,0;  0,0; 15,8; 10,0;  0,0;  0,0;  0,0;0,0;0,0;0,0;64,7;133,5
  11/1996;  0,0;  0,0; 19,5; 18,0;  0,0;  0,0;  0,0;  0,0;  0,0;  0,0;  0,0;  0,0;  0,0;  0,6;  0,3;  8,1;  0,0;  4,2;  0,0; 11,4;  2,1;  2,5;  0,0;  0,0;  0,0;  0,0;  0,0;  0,0;0,0;0,0;---;19,5;66,7
  12/1996;  3,1;  0,0; 23,1; 26,7;  6,1;  1,0;  5,9; 12,3;  0,0;  0,0;  0,0; 48,4;  1,8;  5,8;  0,3;  0,0;  0,0;  2,8;  0,0;  0,0; 60,9;  0,4;  0,9;  0,0;  0,0;  0,2;  0,0; 32,4;0,7;9,9;0,0;60,9;242,7
  06/1997;  0,0;  4,6;  1,0;  3,7; 34,8;  0,0;  0,0;  0,0;  0,0;  0,0;  0,0;  0,0;  0,0;  0,0;  0,0;  0,0;  0,0;  0,0;  1,0;  1,0;  2,7;  5,8;  0,0;  0,0;  0,0;  0,0;  0,0;  0,0;0,0;5,9;---;34,8;60,5
  08/1998;---;---;---;---;---;---;---;---;---;---;---;---;---;---;---;---;---;---;---;---;---;---;---;---;  0,0;  0,0;  0,0;  0,0;0,0;0,0;0,3;---;---
  09/1998;  0,0;  0,0;  0,0;  0,0;  0,3;  0,0;  0,6;  4,1; 31,5;  0,0;  0,0;  0,0;  0,0;  0,0;  0,6;  5,5;  0,0;  0,0;  4,0; 11,0;  6,0;  2,7;  0,1;  0,0;  0,0;  0,0;  0,0;  3,3;58,0;2,5;---;58,0;130,2
  10/1998;  9,9;  0,0;  0,0; 33,3; 11,9;  0,0;  9,8; 29,6; 24,5;  0,0;  0,0;  9,5;  0,0;  0,0;  0,0;  0,0;  6,6; 11,6;  2,3;  0,0;  0,0;  0,0;  0,0;  0,0;  0,0;  0,0; 14,5;  0,0;0,0;0,0;2,0;33,3;165,5
  11/1998;  0,0;  0,0;  0,0; 12,8;  0,0;  0,0;  0,0;  0,0;  0,0;  0,0;  3,3;  0,1;  0,0;  4,0;  0,0;  0,0;  0,0;  0,0; 12,2;  0,0;  0,0;  2,5;  0,0;  0,0;  0,0;  0,0;  3,3;  0,0;0,0;0,0;---;12,8;38,2
  12/1998;  0,0;  0,0;  0,0;  0,0; 16,5; 54,5;  0,0;  0,0;  0,0;  0,0; 30,3; 16,1;  0,0;  0,0;  6,1;  0,0; 14,5;  0,0;  0,0;  0,0;  0,0;  0,0;  3,3;  0,0; 15,1;  3,5;  0,0;  2,0;3,5;0,0;0,0;54,5;165,4
  01/1999;  0,0; 42,0;  0,8;  0,0;  0,0; 37,1; 33,1; 33,1;  6,8;  1,7;  0,0;  5,1;  1,9;  0,0; 37,5;  0,0;  0,0;  0,0;  0,0;  0,0;  0,0;  0,0;  1,5;  0,0;  0,0;  0,0; 14,1; 22,5;13,1;0,0;0,0;42,0;250,3
  02/1999;  1,1; 11,6;  0,7;  0,0;  2,3;  2,0; 37,0;  0,9;  0,0; 21,6; 49,0;  0,0;  0,0;  0,0; 14,8;  0,0;  1,3;  0,0;  0,8;  1,4; 10,6; 13,0; 20,5; 32,7;  9,8; 46,8; 63,3;  0,0;---;---;---;63,3;341,2
  03/1999; 23,5; 19,3;  0,5;  0,0;  0,0;  0,0;  0,0;  1,0;  0,0; 32,2;  9,3; 23,3;  0,9;  0,0;  0,0;  0,0;  0,0;  0,0;  0,0;  0,0;  0,0;  0,0;  0,8;  7,2;  0,0;  0,0;  0,0;  0,0;0,0;0,0;12,9;32,2;130,9
  04/1999;  0,0;  0,0;  0,0;  0,0;  0,0;  0,0;  0,0;  0,0;  0,0;  0,0;  0,0;  0,0;  0,0;  0,0; 24,8;  7,4;  3,7;  0,0;  0,0;  0,0;  0,0;  0,0;  0,0;  0,0;  0,0;  0,0;  0,0;  0,6;0,0;0,0;---;24,8;36,5
  05/1999;  0,0;  0,0;  0,0;  0,0;  0,0;  0,0; 28,4;  0,0;  0,0;  0,0;  0,0;  0,0;  1,1;  1,1;  0,0;  0,0;  0,0;  0,0;  0,0;  0,0;  0,0;  0,0;  0,0;  0,0;  0,0;  0,0;  0,0;  0,0;0,0;2,4;1,0;28,4;34,0
  06/1999;  0,0;  0,0;  0,0;  0,0;  0,0;  0,0; 10,3;  0,0;  0,0;  0,0;  0,0;  0,0;  0,3;  0,0; 24,4;  0,2;  0,0;  0,0;  0,0; 18,5;  2,2;  0,0;  0,0;  0,0;  0,0;  0,0;  0,0;  0,0;0,0;0,7;---;24,4;56,6
  07/1999;  0,0;  0,0;  0,0;  0,0; 10,9; 10,3;  0,0;  1,6;  0,0;  0,0;  0,0;  0,0;  0,0;  0,0;  0,0;  0,0;  0,0;  0,0;  0,0;  0,0;  0,0;  0,0;  0,0;  0,0;  0,0;  0,0;  0,0;  0,0;0,0;0,0;0,0;10,9;22,8
  08/1999;  0,0;  0,0;  0,0;  0,0;  0,0;  0,0;  0,0;  0,0;  0,0;  0,0;  0,0;  0,0;  0,0;  0,0;  0,0;  0,0;  0,7;  0,0;  0,0;  0,0;  0,0;  0,0;  0,0;  0,0;  0,0;  0,0;  0,0;  0,0;0,0;0,0;0,0;0,7;0,7
  09/1999;  0,0;  0,0;  0,0;  0,0;  0,0;  0,0;  0,0;  0,0; 26,4; 10,8;  0,0; 10,4;  2,3;  0,0; 10,0;  3,5;  0,0;  0,0;  0,0;  0,0;  0,0;  0,0;  0,0;  0,0;  0,0;  0,0;  0,0;  0,0;0,0;4,7;---;26,4;68,1
  10/1999;  0,0;  7,5;  0,0;  0,0;  0,5;  0,0;  0,0;  9,9;  2,7;  0,0;  0,0;  0,0;  0,0;  0,0;  0,0;  0,0; 13,5; 12,5;  0,0;  0,0;  0,0;  0,0;  0,0;  0,0;  0,0;  0,0;  0,0; 14,7;20,5;0,0;0,0;20,5;81,8
  11/1999;  0,0;  0,0;  0,0;  0,0;  0,0;  3,0;  0,0;  0,0; 17,8;  3,5;  0,0;  0,0; 10,9;  2,1;  2,0;  0,0;  0,0;  0,0;  0,0;  0,0;  6,7;  0,0;  3,0;  3,5;  0,0;  0,0;  8,3;  0,0;0,0;0,0;---;17,8;60,8
  12/1999;  0,0;  0,0;  0,0;  3,0;  0,0;  0,0;  1,2;  0,0;  0,0;  1,0;  0,6;  0,0;  3,0; 13,2;  2,6;  0,0;  0,0;  0,0;  0,0;  0,0;  0,0;  0,0;  1,7;  0,0;  1,1;  0,0; 17,3; 19,5;0,0;0,0;0,0;19,5;64,2
  01/2000; 14,5; 70,2; 17,0; 24,0;  4,8;  3,6; 14,3; 38,8; 27,3;  5,5;  0,0;  0,0; 16,3;  0,0;  0,6;  0,7; 12,0;  3,8;  0,0;  0,0;  0,0;  0,0;  0,0;  0,0;  0,0;  0,0; 15,0;  0,6;0,0;0,0;0,0;70,2;269,0
  02/2000; 17,6;  4,8;  0,0;  0,0; 38,0;  5,8;  0,0;  0,0;  0,0; 18,6; 16,6;  9,1; 36,3; 15,3;  0,0;  0,0; 38,8;  0,0;  0,0;  0,0;  0,0;  0,0; 27,9;  0,0;  0,0;  0,0;  0,0;  0,0;33,7;---;---;38,8;262,5
  03/2000;  1,5;  3,1;  0,0;  5,0; 13,2;  1,1;  0,0; 15,5;  0,0;  0,0;  0,0;  0,0;  0,0;  0,0;  0,1;  0,0; 24,7;  4,0;  8,1;  0,0;  0,0;  5,0;  1,5;  0,0;  0,0;  0,0;  2,5;  0,0;4,7;0,8;1,5;24,7;92,3
  04/2000;  0,0;  0,0;  1,1;  0,0;  0,0;  0,0;  0,0;  0,0;  0,0;  0,0;  0,0;  0,0;  0,0;  0,0;  1,0;  0,0;  0,0;  0,0;  0,0;  0,0;  0,0;  0,0;  0,0;  0,0;  0,0;  0,0;  0,0;  0,0;0,0;0,0;---;1,1;2,1
  05/2000;  0,0;  0,0;  0,0;  1,7;  0,0;  0,0;  3,2;  0,0;  9,0;  0,0;  0,0;  0,0;  0,0;  0,0;  0,0;  0,0;  0,0;  0,0;  1,1;  1,3;  0,0;  0,0;  0,0;  0,0;  0,0;  0,0;  0,0;  0,0;0,0;0,0;0,0;9,0;16,3
  06/2000;  0,3;  0,0;  0,0;  0,0;  0,0;  0,0;  0,0;  0,0;  0,0;  0,0;  0,0;  0,0;  0,0;  0,0;  0,0;  0,0;  0,0;  0,0;  0,0;  0,0; 12,5;  0,4;  0,0;  0,0;  0,0;  0,0;  0,0;  0,0;0,0;0,0;---;12,5;13,2
  07/2000;  0,0;  0,0;  0,0;  0,0;  0,0;  0,0;  0,0;  0,0;  0,0;  0,0;  0,0;  0,0;  0,0;  0,0;  0,0; 33,3;  0,0;  0,0;  0,0;  0,0;  0,0;  0,0; 15,7; 11,1;  0,0;  0,0;  0,0;  0,0;0,0;0,0;0,0;33,3;60,1
  08/2000;  0,0;  0,0;  0,0;  0,0;  0,0;  0,0;  2,3;  0,0;  0,0;  3,0;  3,0;  0,0;  0,0;  0,0;  0,0; 12,6;  0,0;  0,5;  0,0;  0,0;  0,0;  0,0;  0,0;  0,0;  0,0;  0,0;  0,0; 37,5;17,7;0,0;0,0;37,5;76,6
  09/2000;  0,0; 32,9;  7,9;  6,0;  0,0;  0,0;  0,0;  0,0;  0,0;  0,0;  0,0;  0,0; 36,0; 35,0;  0,0;  2,6;  9,0; 14,6;  0,0;  0,0;  0,0;  0,0;  0,0;  0,0;  2,2;  0,0;  0,0;  0,0;0,0;0,0;---;36,0;146,2
  10/2000;  0,0;  0,0;  0,0;  0,0; 24,6;  0,7;  0,0;  0,0;  0,0;  0,0; 10,5;  0,0;  0,0;  0,0;  0,0;  0,0;  0,0;  0,0;  0,0;  4,3;  0,5;  0,0;  0,0;  0,4;  7,2;  1,4; 15,0;  0,0;0,7;0,0;0,0;24,6;65,3
  11/2000;  0,0;  0,0;  0,0;  0,0;  0,0;  0,0;  0,0;  0,0;  0,0;  1,7;  0,0;  3,2;  0,0; 70,5;  7,7;  0,0;  0,0; 39,8; 13,5;  0,0;  0,0; 39,1;  0,0;  0,0;  7,7; 20,6;  0,4;  0,0;0,4;20,4;---;70,5;225,0
  12/2000;  0,2;  0,0;  0,0;  0,0; 12,9; 15,0;  0,0;  0,0;  0,0; 10,0; 28,7;  0,0;  0,0; 68,5;  0,0;  6,0; 33,3; 17,3;  0,0;  0,0;  0,7;  7,3;  0,0;  0,0; 20,0;  0,7; 14,2;  1,5;1,2;5,0;45,0;68,5;287,5
  01/2001;  0,4;  0,0;  0,0;  0,0;  2,6;  0,0;  0,0;  0,0; 20,8;  2,1;  0,0;  0,0;  0,7; 25,0; 30,0;  0,0;  0,0;  6,7;  0,0;  0,0;  0,0;  0,1;  3,1;  7,1;  2,2;  2,0;  0,0;  4,1;17,0;0,0;0,0;30,0;123,9
  02/2001;  8,2;  7,2;  0,0;  0,0;  2,9; 79,5; 24,6;  0,0;  0,0;  1,8; 21,3; 25,6;  5,8;  1,3;  1,6;  5,3; 10,0; 19,9;  0,0;  0,0;  2,7;  0,0;  0,9; 58,8; 66,5; 29,7;  0,0;  0,0;---;---;---;79,5;373,6
  03/2001;  0,0;  0,0; 49,8;  2,2;  0,0;  0,0;  0,0; 17,5; 22,0;  3,2;  0,4;  0,0;  0,0;  0,0;  0,0;  2,6;  0,0; 19,8;  0,0;  0,0; 27,1;  0,0;  0,3;  0,0;  0,0; 17,6;  8,0;  0,0;9,0;12,3;0,0;49,8;191,8
  04/2001;  6,8; 25,0;  1,7;  0,0;  0,0;  1,0;  0,0;  0,0;  0,0;  0,0;  0,0;  0,0;  0,0;  0,0;  0,0;  0,0;  0,0;  0,0;  0,0;  0,0;  0,0;  0,0;  0,0;  0,0;  0,3;  0,0;  0,0;  0,0;0,0;0,0;---;25,0;34,8
  05/2001;  0,0;  0,0;  0,0;  0,0;  3,5;  0,0;  0,0;  1,1;  0,0;  0,0;  9,0;  5,7; 62,0;  0,7;  0,0;  1,9; 18,0;  0,0;  0,0;  0,0;  0,0;  0,0;  0,0;  0,0;  0,0;  0,0;  0,0; 10,2;0,0;0,0;0,0;62,0;112,1
  06/2001;  0,0;  0,0;  0,0;  0,0;  0,0;  0,0;  0,0;  0,0;  0,0;  0,0;  0,0;  0,0;  0,0;  0,0;  0,0;  0,0;  0,0;  1,2;  0,0;  0,0;  0,0;  0,0;  0,0;  0,0;  0,0;  0,0; 14,9;  0,0;0,0;0,0;---;14,9;16,1
  07/2001;  0,1;  0,0;  0,0;  0,0;  0,0;  0,0;  0,0;  0,0;  0,0;  0,0;  0,0;  4,0;  0,2;  0,0;  0,0;  0,0;  0,0;  0,0;  0,0;  0,0;  0,0;  3,5;  0,0;  0,0;  9,0;  0,3; 17,2; 18,0;0,2;0,0;0,0;18,0;52,5
  08/2001;  0,0;  0,0;  0,0;  0,0;  0,0;  0,0;  0,0;  0,0;  0,0;  0,0;  0,0;  0,0;  0,0;  0,0;  0,0;  0,0;  0,0;  0,0;  0,0;  0,0;  0,0; 11,5; 18,9;  1,4;  7,5;  0,0;  0,5;  0,0;0,0;0,0;0,0;18,9;39,8
  09/2001;  0,0;  0,0;  0,0;  0,0;  0,0;  0,0;  4,4;  0,0;  0,0;  0,0;  0,0;  0,0;  0,0; 10,0; 35,4;  1,4;  0,0;  0,3;  0,0;  0,0;  0,5;  0,0;  3,0;  0,9;  0,0;  6,5;  0,0;  0,0;0,2;4,0;---;35,4;66,6
  10/2001;  0,0; 92,0;  0,9;  0,0;  0,0;  0,0;  0,0;  0,0; 20,2;  0,0;  0,0; 18,0;  0,0;  0,0;  0,0;  0,0;  0,0; 11,0;  1,2; 38,0;  0,0; 15,0; 15,4;  0,0;  0,0;  0,0;  0,0;  0,0;0,0;0,0;0,0;92,0;211,7
  11/2001;  0,0;  0,0;  0,0;  0,0;  0,5;  0,0;  0,0;  0,0;  0,0;  0,0; 10,0; 22,9;  0,1;  0,0;  8,0; 25,5;  0,9;  0,1;  0,0;  0,0;  0,0;  0,0;  0,0; 23,0;  5,0;  0,0;  0,0;  0,0;76,0;0,0;---;76,0;172,0
  12/2001; 12,0;  0,0;  0,0;  0,0;  0,0;  0,9;  0,0;  0,0;  3,0;100,5; 15,0;  0,0;  1,0; 22,9; 10,0; 10,8;  9,0;  0,0;  0,0;  0,0;  0,0;  0,0;  6,8; 18,1;  0,0;  0,0;  0,0;  0,0;0,5;12,1;14,3;100,5;236,9
  01/2002;  0,0;  3,1;  0,0;  1,2;  0,0;  1,9;  1,2;  0,8; 23,3; 14,9;  0,0; 14,9; 22,3; 33,3; 27,9;  7,8;  0,0;  0,0;  0,0; 23,5;  0,5;  0,0;  1,6;  0,0; 20,9; 20,5;  0,0;  0,0;17,1;0,0;32,9;33,3;269,6
  02/2002;  0,3;  0,1;  9,0;  0,0;  0,0;  0,0;  1,3; 29,5;  0,5;  7,7;  0,0;  0,0;  0,0; 11,7;  0,0; 35,3;  0,5;  0,0;  0,0;  0,0;  1,7; 19,0; 18,8; 11,8;  0,6;  0,0;  0,0;  1,7;---;---;---;35,3;149,5
  03/2002;  9,0;  0,0;  0,3; 50,9;  3,9;  3,6;  0,0;  0,1;  4,7; 11,3;  2,1; 20,8;  0,0;  0,3;  2,5; 50,2; 12,5; 30,5; 15,3;  0,0; 20,7; 13,9;  0,0;  0,0; 32,5; 15,4;  0,0; 20,3;0,0;0,0;0,0;50,9;320,8
  04/2002;  0,0;  0,0;  0,0; 15,6;  0,0;  0,0; 20,8;  0,5;  1,5;  0,0;  0,0;  0,0;  0,0;  1,4;  0,0;  0,0;  0,0;  0,0;  0,0;  0,0;  0,0;  0,0;  0,0;  0,0;  0,0;  0,0;  0,0;  0,0;0,0;0,0;---;20,8;39,8
  05/2002;  0,1;  0,0;  9,2;  0,1;  0,0;  2,6; 20,2;  0,0;  0,0;  0,0;  0,0;  0,0;  0,0;  0,0;  0,0;  0,0;  0,0;  0,0; 15,6;  6,3; 14,3;  0,0; 10,1;  0,0;  0,0;  0,0;  0,0;  0,0;0,0;0,0;0,0;20,2;78,5
  06/2002;  0,0;  0,0;  0,0;  0,0;  0,0;  0,0;  0,0;  0,0;  0,0;  0,0;  0,0;  0,0;  0,0;  0,0;  0,0;  0,1;  0,0;  0,0;  0,0;  0,0;  0,0;  0,0;  0,0;  0,0;  0,0;  0,0;  0,0;  0,0;0,0;0,0;---;0,1;0,1
  07/2002;  0,0;  0,0;  0,0;  0,0;  0,0;  0,0;  0,0;  0,8;  0,0;  0,0;  0,0;  8,0; 19,1;  0,0;  0,1;  0,0;  0,0;  0,0;  0,0;  0,0;  0,0;  0,2;  0,0;  0,0;  0,0;  0,0;  0,0;  0,0;0,0;0,0;0,0;19,1;28,2
  08/2002;  1,8; 13,7;  9,0;  0,9;  0,0;  0,0;  2,0;  0,0;  5,2;  0,0;  0,0;  0,0;  0,0;  0,0;  0,0;  0,0;  0,0;  0,0;  0,0;  0,0;  0,0;  0,0;  0,0;  0,0;  0,0;  0,0;  0,0;  0,0;0,0;2,5;0,0;13,7;35,1
  09/2002;  4,6;  0,0;  0,0;  0,0;  0,0;  0,0;  7,6;  0,0;  0,0;  0,0;  0,0;  0,0;  0,0;  0,4;  0,7;  0,0;  0,0;  0,0;  0,0;  0,9; 32,2;  0,1;  0,0;  0,1;  0,0;  0,0;  0,0;  0,0;0,0;0,0;---;32,2;46,6
  10/2002;  0,0;  6,7;  0,0;  1,1;  0,0;  0,0;  0,0;  0,0; 15,1;  1,9;  0,0;  0,0;  0,0;  0,0;  0,0;  0,0;  0,0;  2,3;  0,0;  7,6;  0,0; 20,3;  0,0;  0,0;  0,0; 37,3;  4,5;  0,0;0,0;29,5;3,1;37,3;129,4
  11/2002;  0,0;  0,0;  0,0;  0,0; 11,2;  1,5;  0,0;  0,0;  0,0;  0,0; 15,7;  0,2; 21,8;  5,5;  0,2;  0,0;  0,3;  0,2;  3,9;  0,0;  0,0;  2,0;  2,9;  0,0; 19,2; 16,3;  1,2; 32,3;22,2;5,2;---;32,3;161,8
  12/2002;---;---;---;---;---;---;---;---;---;---;---;---;---;---;---;---;  1,9;  3,3;  0,0;  0,0;  0,0; 32,4;  0,0;  0,0;  4,4;  1,0;  0,0;  0,0;0,0;0,0;0,0;---;---
  01/2003; 10,2;  0,0;  0,0;  8,3; 11,9;  4,6;  0,0;  0,0;  0,0;  0,0; 29,4;  1,9;  4,4;  3,0;  0,0;  0,0; 19,8;  0,0;  0,4;  0,0;  0,0; 27,1; 14,9;  4,2; 22,2;  1,2;  4,1; 49,5;23,3;0,0;6,7;49,5;247,1
  02/2003; 10,3; 19,9;  0,0;  0,0;  0,0;  0,0;  0,0; 19,8;  9,1;  0,0;  0,0;  0,1;  9,0; 23,2;  2,2;  0,0; 41,0;  0,0;  0,0;  0,0;  0,0;  0,0;  0,0;  0,0;  0,0;  0,0;  0,0;  0,0;---;---;---;41,0;134,6
  03/2003;  0,0;  0,0;  0,0; 13,1;  9,6; 19,6; 13,4; 20,5;  3,5;  1,2;  7,3;  1,1;  6,5;  1,1;  0,0;  0,0;  2,2;  5,7;  0,0;  5,5;  2,0;  6,9;  0,0;  0,0;  0,0;  0,0;  0,0;  1,1;0,1;0,0;0,0;20,5;120,4
  04/2003;  0,0;  0,0;  0,0;  0,0;  9,5;  0,0; 15,8;  0,0;  0,0;  0,0;  0,0;  0,1;  0,0;  0,0;  0,0;  0,0;  0,0;  0,0;  0,0;  0,0;  6,0;  0,8; 32,2;  0,0;  0,0;  0,0;  0,0;  0,0;0,0;0,0;---;32,2;64,4
  05/2003;  0,0;  2,0;  5,3;  0,0;  0,0;  4,0;  0,0;  0,0;  0,0;  0,0;  0,0;  0,0;  0,0;  0,0;  0,0;  0,0;  0,0;  0,0;  0,0;  0,0;  0,0;  3,2;  0,0;  0,0;  0,0;  0,0;  0,0;  0,0;0,0;0,0;0,0;5,3;14,5
  06/2003;  0,0;  0,0;  0,0;  1,0;  1,0;  3,0;  0,0;  5,5;  6,5;  0,0;  0,0;  0,0;  0,0;  0,0;  0,0;  0,0;  0,0;  0,0;  0,0;  5,0;  0,0;  0,0;  0,0;  0,0;  0,0;  0,0;  0,0;  0,0;10,0;10,0;---;10,0;42,0
  07/2003;  0,0;  0,0;  0,0;  0,0;  0,0;  0,0;  0,0;  0,0;  0,0;  0,0; 10,0;  0,0;  0,0;  0,0;  0,0;  0,0;  0,0;  0,0;  0,0;  0,0;  0,0;  0,0;  0,0;  0,0;  0,0;  0,0;  0,0;  0,0;0,0;0,0;0,0;10,0;10,0
  08/2003;  0,0;  0,0;  0,0;  0,0;  5,8;  0,0;  0,0;  0,0;  6,5;  0,0;  0,0;  0,0;  0,0;  0,0;  0,0;  0,0;  0,0;  0,0;  0,0;  0,0;  0,0;  0,0;  0,0;  0,0;  0,0;  1,7;  0,2;  0,2;0,9;0,0;3,0;6,5;18,3
  09/2003;  4,9;  0,0;  0,0;  0,0;  0,0;  0,0;  0,0;  0,0;  0,0;  0,0; 12,5;  0,0;  0,0;  0,8;  0,0;  1,3; 10,8;  0,0;  0,0;  0,0;  0,0;  0,0;  0,0;  0,0;  0,0;  0,0;  1,0;  0,0;0,0;0,0;---;12,5;31,3
  10/2003;  0,0;  0,0;  0,0;  0,0;  0,0;  0,0;  0,0;  7,6;  0,0; 22,9; 47,5; 13,4;  0,0;  0,0;  0,0;  0,0;  0,0;  0,0;  0,0;  0,0;  0,0;  0,3;  0,0;  0,0;  0,0;  0,0;  0,0;  2,3;5,4;0,5;0,0;47,5;99,9
  11/2003;  0,0;  0,3;  2,1;  0,0;  0,0;  4,8;  0,0;  0,0;  0,0;  0,0;  0,0;  0,0;  0,0; 19,5;  0,0;  0,0; 19,7; 15,3;  0,0;  0,0;  0,0;  0,0;  0,0;  0,0;  2,9;  3,5;  2,5;  0,5;0,5;4,8;---;19,7;76,4
  12/2003;  3,5;  2,5;  0,0;  0,5;  4,7; 19,7;  0,0;  0,0;  0,0; 15,7;  0,0;  4,2;  0,0;  0,0;  5,0;  0,0;  1,1;  0,0;  0,0;  0,0; 40,5;  8,3;  2,8; 15,0;  0,0;  0,0;  0,0;  0,0;0,7;0,0;0,0;40,5;124,2
  01/2004;  5,8;  9,3;  0,6;  0,0;  0,0;  0,0; 17,1;  0,0; 21,5;  4,5;  0,0;  0,0;  0,0;  0,0;  0,0;  2,7;  0,0;  0,0;  0,0;  0,0;  0,0; 18,0;  1,1; 15,7;  0,0;  8,5; 18,1; 24,1;1,0;0,0;33,2;33,2;181,2
  02/2004; 41,9;  0,0;  2,4;  3,4;  0,9; 27,0;  9,0;  0,0;  0,0;  0,0;  0,0;  0,0;  8,0;  0,0; 16,2;  0,0;  0,0;  0,0;  0,0;  0,0;  0,0; 22,0; 88,5;  7,1;  3,6;  2,9;  0,0;  8,9;0,0;---;---;88,5;241,8
  03/2004;  0,0;  0,0;  0,0;  7,5;  2,0; 11,1; 33,0;  0,0;  0,0;  0,0; 41,5;  0,0;  0,0; 25,2;  7,5;  0,0;  0,0;  0,0;  0,0; 17,7;  7,5;  0,0;  0,0;  0,0;  0,0;  0,0;  0,0;  0,0;0,0;0,0;0,0;41,5;153,0
  04/2004;  0,0;  0,0;  0,0;  0,0;  0,0;  0,0; 36,9;  0,0;  0,0;  0,0;  0,0;  0,0;  0,0;  0,0;  6,7; 12,3;  0,0;  0,0;  0,0; 26,7;  0,0; 44,0;  0,0;  0,0;  0,0;  0,3;  0,0;  0,0;0,0;0,0;---;44,0;126,9
  05/2004;  0,0;  0,0;  0,0;  0,0;  3,1;  0,9;  2,2;  6,0;  0,0;  0,0;  0,0;  0,0;  0,0;  0,0;  2,1;  0,0;  0,0;  0,0;  0,0;  0,0;  0,0;  0,0;  3,8;  4,0; 10,0; 16,6;  0,0;  0,0;0,0;0,0;0,0;16,6;48,7
  06/2004;  0,0;  0,0;  2,0;  0,0;  0,0; 12,4;  0,0;  0,0;  0,0;  0,3;  0,0;  7,0;  5,0;  0,0;  0,2;  0,0;  0,0;  0,0;  0,0;  0,0;  0,0;  0,0;  0,0;  0,0;  0,0;  0,2;  0,5;  0,0;0,0;0,0;---;12,4;27,6
  07/2004;  0,0;  0,0;  0,0;  0,0;  0,0;  0,0;  0,0;  0,0;  7,0; 10,0; 47,2;  0,0;  0,0;  0,0;  0,0;  0,0;  5,5;  0,2;  0,7; 27,7;  0,4;  0,0;  0,8;  0,0;  0,0;  0,0;  0,0;  0,0;0,0;0,0;0,0;47,2;99,5
  08/2004;  0,0;  0,0;  0,0;  0,0;  0,0;  0,0;  0,0;  0,0;  0,0;  0,0;  0,0;  0,0;  0,0;  0,0;  0,0;  0,0;  0,0;  0,0;  0,0;  0,0;  0,0;  0,0;  0,0;  0,0;  0,0;  0,0;  0,0;  0,0;0,0;0,0;0,0;0,0;0,0
  09/2004;  0,0;  0,0;  0,0;  0,0;  0,0;  0,0;  0,0;  0,0;  0,0;  0,0;  0,0;  0,0;  0,0;  0,0;  0,4;  0,0;  0,0;  0,0;  6,8;  0,0;  0,0;  0,0;  0,0;  0,0;  0,0;  0,0;  0,0;  0,0;1,0;1,3;---;6,8;9,5
  10/2004;  0,0;  0,0;  6,1; 10,5;  0,0;  0,0;  0,4;  0,0;  0,0;  0,0;  1,9;  2,0;  1,8;  2,0;  1,9;  7,0;  4,0; 10,8; 19,1;  0,8;  0,0;  0,0;  0,0;  3,7;  1,4; 30,5;  0,0;  0,4;0,0;0,0;0,0;30,5;104,3
  11/2004;  1,5;  0,0;  0,0; 25,0;  1,3;  0,0;  0,8;  1,0;  0,0;  0,0;  0,3; 18,6;  0,0;  0,0;  0,0; 37,3; 27,0;  5,6;  0,5;  0,0;  0,0;  0,0;  0,0;  0,0;  0,0;  0,0;  0,0; 40,0;40,8;0,0;---;40,8;199,7
  12/2004;  0,0;  0,0;  0,0; 16,0;  0,0; 14,1;  1,8;  0,0; 33,2; 14,5;  1,4;  0,0;  0,0;  0,0;  0,0;  0,0;  1,2; 21,5;  0,0;  0,0; 35,6;  0,0; 26,4; 13,6;  0,0;  6,0;  0,0;  7,7;0,0;0,0;0,0;35,6;193,0
  01/2005;  0,0;  0,0;  0,0; 45,0;  0,0;  0,0;  0,0;  0,0;---;---;  6,4;---;---;  0,0;---;---; 52,1;  0,7;---;  5,5; 29,6; 34,7;---;  7,7;---; 58,5;  2,5;  0,0;0,0;2,6;0,0;---;---
  02/2005;  0,4;  0,0;  0,0;  0,0;  0,0;  0,0;  0,0;  0,0;  0,0;  0,0;  0,0; 20,0; 22,0;  0,0;  0,0;  0,0;  0,0;  0,0;  8,2;  0,0;  0,0;  0,0;  0,0;  0,0;  3,5;  0,0; 10,2;  0,0;---;---;---;22,0;64,3
  03/2005;  0,0;  0,0;  0,0;  0,0;  0,0;  0,0;  0,0;  0,0;  0,0;  0,0;  0,0;  0,0; 30,0; 11,0; 55,0; 23,9;  6,5; 10,1;  9,2;---; 23,5;  1,3;  1,3;---;---;---;---;  6,3;0,0;0,0;13,7;---;---
  04/2005;  0,5;  0,0;  0,0; 27,2;  1,6;  0,0;  0,0;  0,0; 37,9;  0,0;  0,0;  0,0;  0,0;  0,0;  0,0;  0,0;  0,0;  0,0;  0,0;  0,0;  5,5;  0,0;  0,0;  5,2;  0,0;  1,3;  0,4;  0,0;5,7;11,8;---;37,9;97,1
  05/2005;  0,8;  0,3;  0,0;  0,0;  0,0;  0,0;  0,0;  0,0;  0,0;  0,0;  0,0;  0,0;  0,0;  0,0;  0,0;  0,0;  0,0;  0,0;  0,0;  0,0;  0,0; 23,3;  0,0;  1,0;136,0; 18,8;  0,0;  0,0;0,0;0,0;0,0;136,0;180,2
  06/2005;  0,0;  0,0;  0,0;  0,0;  0,0;  0,0;  0,0;  0,0;  0,0;  0,0;  0,0;  0,0;  0,0;  0,0;  0,0;  0,0;  0,0;  0,0;  0,0;  0,0; 20,4;  0,0;  0,0;  0,0;  0,0;  0,0;  0,0;  6,2;0,0;0,0;---;20,4;26,6
  07/2005;  0,0;  0,0;  0,0;  0,0;  0,0;  0,0;  0,0;  0,1;  0,0;  0,0;  0,0;  0,0;  0,0;  0,0;  0,0;  0,0;  0,0;  0,0;  0,0;  0,0;  0,0;  1,9;  0,0;  0,0;  8,0;  0,0;  0,0;  0,0;0,0;0,0;0,0;8,0;10,0
  08/2005;  0,0;  0,0;  0,0;  0,0;  0,0;  0,0;  0,0;  0,0;  0,0;  3,6;  0,0;  0,0;  0,0;  0,0;  0,0;  0,0;  0,0;  0,0;  0,0;  0,0;  0,0;  0,0;  0,0;  0,0;  0,0;  0,0;  0,6; 10,9;0,0;0,0;0,0;10,9;15,1
  09/2005;  0,1; 23,7;  0,0;  0,0; 16,5;  0,7;  4,5;  0,0;  0,0;  0,0;  0,0;  0,0; 12,9;  5,5;  0,8;  0,0;  8,8;  4,1;  3,0;  0,0;  0,0;  0,0;  0,0;  5,7;  4,1;  5,5;  5,1;  0,0;0,0;0,0;---;23,7;101,0
  10/2005;  0,0;  0,0;  9,6;  0,0;  0,0;  0,5;  0,0;  0,0;  0,0;  0,0;  0,0;  0,0;  0,0;  0,0; 11,5;  0,0;  0,0;  0,0; 26,3;  0,0;  0,0; 35,9;  0,0;  0,0;  0,0;  0,0;  0,8;  0,0;20,0;0,5;10,0;35,9;115,1
  11/2005;  0,0;  0,0;  0,0;  0,0;  4,7;  0,0;  0,2;  0,0;  0,0;  0,0;  0,0;  0,0;  0,0;  0,0;  0,0;  0,0;  0,0;  1,1;  0,0; 13,8;  0,0;  0,0;  0,0; 61,6;  0,0; 10,7;  0,0;  0,0;0,0;0,0;---;61,6;92,1
  12/2005;  0,0; 63,0;  0,0;  0,0;  0,0;  3,4;  0,0;  0,0;  0,0;  0,0;  0,0;  0,0;  0,0;  0,0;  0,0;  0,0;  0,0; 67,0; 18,1;  0,0;  7,6;  9,8;  0,0;  0,0; 39,0;  0,0;  0,0;  0,0;0,0;0,0;11,0;67,0;218,9
  01/2006;  0,0;  9,5; 85,8; 51,5; 17,9; 10,8;  0,0;  0,0;  0,0;  0,0;  6,1;  0,0;  0,0;  0,0;  0,0;  0,0;  0,0;  0,0; 31,0;  0,0;  0,0;  0,0;  4,8;  0,0;  4,8; 10,6;  6,8;  0,0;37,0;14,0;8,5;85,8;299,1
  02/2006;  0,0;  0,0;  0,0;  0,0;  0,0; 10,5; 10,6;  0,0; 24,5; 24,0; 39,5;  0,0;  0,0;  0,0;  0,3;  0,0;  0,0;  0,0;  4,7;  0,0;  0,8;  1,6;  0,0;  0,0;  0,0;  0,0;  0,0;  0,0;---;---;---;39,5;116,5
  03/2006;  0,0;  2,8; 38,5; 21,5;  4,5; 30,5;  4,0;  2,2;  1,8;  0,0; 37,7;  3,1;  0,0;  0,0;  0,0;  0,0; 11,2;  0,0;  1,5; 10,5; 41,9;  2,2;  9,7;  0,0;  2,7; 12,8;  1,9;  0,0;66,7;39,6;0,0;66,7;347,3
  04/2006;  0,0;  0,0;  0,0;  0,0;  0,0;  0,0;  0,0;  0,0; 26,5; 11,8;  0,0;  0,0;  0,0;  0,0;  0,0;  0,0;  0,5;  0,0;  0,0;  0,0;  0,0;  2,2;  0,0;  0,0;  0,0;  0,0;  0,0;  0,0;0,0;0,0;---;26,5;41,0
  05/2006;  0,0;  0,0;  0,0;  0,0;  0,0;  0,0;  0,0;  0,0;  0,0;  0,0;  0,0;  0,0;  0,0;  0,0;  0,0;  0,0;  0,0;  0,0;  0,0;  0,0;  0,0;  0,0;  4,0;  4,5;  0,0;  0,0;  0,0;  0,0;0,0;0,0;0,0;4,5;8,5
  06/2006;  0,0;  0,0;  0,0;  0,0;  0,0;  0,0;  0,0;  0,0;  0,0;  0,0;  0,0;  0,0;  0,0;  0,0;  0,0;  0,0;  0,0;  0,0;  0,0;  0,0;  0,0;  0,0;  0,0;  0,0;  0,0;  6,3; 12,3;  0,0;0,0;0,0;---;12,3;18,6
  07/2006;  0,0;  0,0;  0,6;  0,0;  0,0;  0,0;  0,0;  0,0;  0,0;  0,0; 28,4;  0,0;  0,0;  0,0;  0,0;  0,0;  0,0;  0,0;  0,0;  0,0;  0,0;  0,0;  0,0;  0,0;  0,0;  0,0;  0,0;  0,0;8,3;4,0;13,5;28,4;54,8
  08/2006;  1,4;  0,0;  0,0;  0,0;  0,0;  0,0;  0,0;  0,0;  0,0;  0,0;  0,0;  0,0;  0,0;  0,0;  0,0;  0,0;  0,0;  0,0;  0,0;  0,0;  0,2;  0,0;  0,0;  0,0;  0,0;  0,0;  2,4;  0,0;0,0;0,0;0,0;2,4;4,0
  09/2006;  0,0; 46,0;  0,0;  0,6;  0,0;  0,0;  0,0;  0,0;  0,0;  0,0;  0,0;  0,0;  0,0;  0,0;  0,0;  0,0;  4,9; 14,0;  0,0;  0,4; 11,4;  0,0;  0,0;  4,6;  0,0;  0,0;  0,0;  0,0;0,0;4,3;---;46,0;86,2
  10/2006;  4,2; 12,1;  0,0;  0,0;  0,0;  0,8;  1,8;  0,0;  0,0;  0,0;  0,0;  0,0;  1,8;  0,3;  0,0;  0,2; 19,3;  0,2; 16,7;  5,9;  0,0;  0,0;  0,0;  0,0;  0,0;  0,0;  0,8;  0,0;0,0;0,0;0,0;19,3;64,1
  11/2006; 12,4; 18,9;  8,5;  0,0;  0,0;  0,0; 18,0;  0,0;  0,0;  3,1;  0,0;  0,0;  1,6;  0,0;  0,0;  0,4;  0,0;  0,0;  4,7; 28,4;  0,0;  0,0;  0,0;  0,0; 38,7; 65,2; 27,7; 43,2;0,0;10,3;---;65,2;281,1
  12/2006;  0,0;  0,0;  0,0;  0,0; 33,3; 12,3;  0,0;  0,0;  0,0;  0,0;  0,0;  0,0;  0,0;  0,0;  0,0;  0,0;  0,0;  0,0;  8,3;  4,2; 12,8;  0,0;  8,1; 30,5; 10,0;  6,8;  3,7;  6,5;0,0;3,7;16,9;33,3;157,1
  01/2007; 39,0;  0,5;  4,3; 26,6; 25,6;  0,3;  1,5; 14,2;  0,0;  0,0;  0,0;  0,0;  0,0;  0,0;  0,0;  0,0;  0,0; 10,6;  2,9;  0,0;  2,5; 13,6;  0,0;  0,0;  0,0;  0,7;  0,0;  0,0;12,5;7,7;0,0;39,0;162,5
  02/2007;  0,0;  0,0;  0,0;  0,0;  0,0; 26,9;  0,0; 36,4; 29,5;  8,0;  0,0;  6,4;  0,0;  0,0;  0,0;  0,0;  5,6;  0,0; 13,7; 49,0;  0,0;  0,0;  0,0;  0,0;  0,0; 59,1;  5,3;  5,7;---;---;---;59,1;245,6
  03/2007;  0,0;  0,0;  0,0;  0,0;  0,0;  0,0;  0,0;  0,0;  5,5;  0,0;  0,0;  2,3;  0,0;  0,0; 46,2;  0,0; 76,1;  7,2; 11,1;  1,4;  0,0;  0,0;  0,0;  0,0;  0,0;  0,0;  0,0;  0,0;0,0;0,0;0,0;76,1;149,8
  04/2007; 19,6;  0,0;  0,0;  2,5;  0,0;  0,0;  0,0; 21,0;  0,0; 11,2;  0,0;  0,0;  0,0;  0,0;  0,0;  0,0;  0,0;  0,0;  0,0;  0,0;  0,0;  0,0;  0,0;  8,8;  0,0;  0,0;  1,8;  0,6;0,0;0,0;---;21,0;65,5
  05/2007;  0,0;  0,0;  0,0;  0,0;  0,0;  0,0;  0,0;  0,0;  9,6;  0,7;  0,0;  0,0;  0,0;  0,0;  6,1;  0,0;  0,0;  0,0;  0,0;  8,7;  0,0;  0,0; 17,5;  7,6;  0,0;  0,0;  0,0;  0,0;0,7;0,0;0,0;17,5;50,9
  06/2007;  0,0;  3,0; 17,3;  0,0;  0,0;  0,0;  0,0;  0,0;  0,0;  0,0;  0,0;  0,0;  0,0;  0,0;  0,0;  0,0;  0,0;  0,0;  0,0;  0,0;  0,0;  0,0;  0,0;  0,0;  0,0;  0,0;  0,0;  2,5;0,8;0,0;---;17,3;23,6
  07/2007;  0,0;  0,0;  0,0;  0,0;  0,0;  0,0;  0,0;  0,0;  0,0;  0,0;  0,0;  0,0;  0,0;  0,0;  0,0; 15,3; 21,1; 15,2;  1,9;  0,0;  0,0;  0,0;  0,0; 43,1; 46,0;  4,3;  0,0;  0,0;0,3;0,0;0,0;46,0;147,2
  08/2007;  0,0;  0,0;  0,0;  0,0;  0,0;  0,0;  0,0;  0,0;  0,0;  0,0;  0,0;  0,0;  0,0;  0,0;  0,0;  0,0;  0,0;  0,0;  0,0;  0,0;  0,0;  0,0;  0,0;  0,0;  0,0;  0,0;  0,0;  0,0;0,0;0,0;0,0;0,0;0,0
  09/2007;  0,0;  0,0;  2,0;  1,5;  0,0;  0,0;  0,0;  0,0;  0,0;  0,0;  0,0;  0,0;  0,0;  0,0;  0,0;  0,0;  0,0;  0,0;  0,0;  0,0;  0,0;  0,0;  0,0;  0,0;  1,2;  0,0;  0,0;  0,0;0,3;0,0;---;2,0;5,0
  10/2007;  0,0;  0,0;  0,0;  0,0;  0,0;  0,0;  0,0;  0,0;  0,0;  0,0;  0,0;  0,0;  0,0;  0,0;  1,3;  0,0;  0,1;  0,0;  0,1;  0,4;  0,0;  6,3;  0,4;  0,3; 36,2;  7,2;  8,0; 28,2;0,0;3,1;0,0;36,2;91,6
  11/2007;  0,1;  8,4; 10,2; 17,8; 13,4;  0,0;  0,3;  2,0; 27,2;  0,4;  6,7;  0,0;  0,9;  0,0; 34,6;  8,3;  0,0;  0,0;  0,0; 14,6;  0,0;  0,0;  0,0;  0,0;  0,0;  0,0; 18,4;  0,0;0,0;0,0;---;34,6;163,3
  12/2007;  0,0;  0,0;  0,0;  0,0;  7,6;  4,9; 50,0;  5,5;  0,0;  0,0;  0,1;  4,3; 15,6; 10,4;  0,0;  0,0;  0,0;  0,0;  0,9; 54,5; 19,9;  0,0;  0,0;  3,1;  0,0;  3,2;  0,0;  0,0;0,0;0,0;0,0;54,5;180,0
  01/2008;  0,0;  2,0; 20,3;  0,0;  0,0;  4,0;  0,0;  0,0;  0,0;  0,0;  0,0;  0,0; 46,7;  1,5; 46,8; 13,9;  0,0; 10,6; 25,0; 27,3; 32,3;  2,1;  0,0;  0,0;  0,0;  0,0;  0,0;  0,0;15,9;51,0;0,0;51,0;299,4
  02/2008;  0,0;  0,0;  0,0;  7,0;  0,0;  0,0;  0,6;  9,3;  0,0;  0,0;  8,6;  0,0; 31,3;  0,0;  3,0;  0,0;  2,3; 44,1;  4,9;  2,8; 23,9;  0,4;  0,0;  3,0; 37,0;  0,0;  0,0;  0,0;0,0;---;---;44,1;178,2
  03/2008;  2,9;  3,0;  1,7;  0,0;  0,0;  0,0;  0,0;  0,0;  0,0;  0,0; 37,0;  2,5; 31,3; 34,0;  0,5;  3,3; 13,0; 17,5;  0,0;  0,0;  0,0;  0,0;  4,8;  0,0;  0,0;  0,0;  0,0;  6,7;0,0;0,2;0,0;37,0;158,4
  04/2008;  0,0;  0,0;  0,0; 24,8;  0,0;  0,0; 11,0;  0,0; 17,0;  0,8;  2,7;  0,0;  0,0; 15,3; 10,7;  0,0;  0,0;  0,0;  0,0;  2,3;  2,8;  1,7;  8,5;  0,2;  0,0;  0,0;  0,0;  0,0;0,0;20,0;---;24,8;117,8
  05/2008;  0,0;  4,1; 59,2;  0,0;  0,0;  0,0;  0,0;  0,0;  0,0;  0,0;  0,0;  0,0;  0,0;  0,0;  0,0;  0,0;  0,0;  0,0;  0,0;  0,0;  0,0;  0,0;  0,0;  0,0;  0,0;  0,0;  0,0;  0,0;0,0;6,0;0,5;59,2;69,8
  06/2008; 18,5;  0,3;  0,0; 26,2;  0,0;  0,1;  0,0;  0,0;  0,0;  0,0;  0,0;  0,0;  0,0;  0,0;  0,0; 11,3;  0,0;  0,0;  0,0;  0,0;  0,0;  0,2;  3,3;  0,0;  0,0;  0,0;  0,0;  0,0;0,0;0,0;---;26,2;59,9
  07/2008;  0,0;  0,0;  0,0;  0,0;  0,0;  0,0;  0,0;  0,0;  0,0;  0,0;  0,0;  0,0;  0,0;  0,0;  0,0;  0,0;  0,0;  0,0;  0,0;  0,0;  0,0;  0,0;  0,0;  0,0;  0,0;  0,0;  0,0;  0,0;0,0;0,0;0,0;0,0;0,0
  08/2008;  0,0;  0,0; 10,0;  3,1;  0,0;  3,4;  0,0; 30,4; 18,0;  4,1;  0,0;  0,0;  0,0;  0,7;  2,1;  0,0;  0,0;  0,0;  0,0;  0,0;  0,0;  0,0;  0,7;  0,0;  0,0;  0,0;  0,0;  0,0;0,0;0,7;0,0;30,4;73,2
  09/2008;  0,0;  0,0;  0,0;  0,0;  0,0;  0,0;  0,3;  6,7;  0,2;  0,4;  0,0;  0,0;  0,0; 12,3;  0,0;  0,0;  0,1;  0,0;  0,0;  0,0;  9,5;  4,1;  0,0;  0,3;  0,0;  0,6;  0,0;  0,0;0,0;0,0;---;12,3;34,5
  10/2008;  0,0; 42,0;  0,0;  0,0; 21,8;  1,0; 12,8;  0,0;  0,0;  0,0;  0,0;  2,3;  0,0;  0,0;  0,0;  0,0;  0,1;  0,0; 12,8; 24,3;  0,0;  5,7;  0,0;  1,6;  0,0;  0,0;  0,0;  0,0;0,0;19,8;0,6;42,0;144,8
  11/2008;  0,0;  0,0;  2,3;  0,0;  0,0;  0,0; 11,5; 16,2;  0,0;  0,0;  0,3;  0,0; 20,5;  3,2;  0,0;  0,0;  0,2; 23,5;  1,1;  0,0;  0,0;  0,0; 11,0; 33,7;  6,1;  0,0;  0,0;  0,0;0,0;0,0;---;33,7;129,6
  12/2008;  0,0;  2,1; 17,1;  0,0;  0,0;  0,0;  0,0;  0,0;  0,0;  0,0; 24,6; 14,2;  0,0;  0,0;  0,0;  0,0;  9,3;  7,2;  0,0;  0,0;  0,0; 18,5; 10,7;  0,0;  0,8;  0,0; 15,5;  0,0;0,0;0,0;0,0;24,6;120,0
  01/2009;  2,8;  3,8; 18,3;  2,9;  0,0;  1,2;  0,0;  0,0;  0,0;  1,4;  4,0;  1,0;  0,0; 33,3; 32,2;  0,0;  7,2;  8,8;  0,0;  0,0;  2,7;  0,3;  0,0;  0,0;  0,0; 36,0;  0,2; 47,5;2,0;1,1;38,9;47,5;245,6
  02/2009;  0,0;  0,0; 21,6;  0,0; 14,5;  3,5;  0,0; 66,0;  4,4;  5,0;  0,4;  6,9;  4,9;  1,7;  9,9; 40,9;  0,0;  0,0;  0,0;  0,0;  0,0;  1,3;  4,5; 40,0;  2,5;  8,7;  3,2;  0,0;---;---;---;66,0;239,9
  03/2009;  0,0;  0,0;  0,0;  0,7;  0,0;  0,0;  3,3;  0,0;  4,7;  0,0;  8,3;  7,9;  9,5;  0,0;  0,0;  0,0;  0,0; 37,8;  6,9;  0,0;  1,2;  0,0;  0,0;  0,0;  0,0;  0,0;  0,0;  0,0;10,0;0,0;0,0;37,8;90,3
  04/2009;  0,0;  0,0;  0,0;  0,0;  0,0;  6,1;  3,5;  0,0;  0,0;  0,0;  0,0;  0,0;  0,0; 20,5;  0,0;  1,3;  0,0;  0,0;  0,0;  0,0;  4,4;  0,0;  0,0;  0,0;  0,0;  6,1;  0,0;  0,6;0,0;0,0;---;20,5;42,5
  05/2009;  0,0;  0,0;  0,0;  0,0;  1,7;  0,0;  0,0;  0,0;  0,0;  5,6;  4,4;  0,0;  0,0;  0,0;  4,3;  6,8;  0,0;  0,0;  0,0;  0,0;  0,0;  0,0;  0,0;  0,0;  0,0;  4,3;  9,9;  6,6;7,3;0,0;0,0;9,9;50,9
  06/2009;  6,3;  0,0;  0,0;  0,0;  0,0;  0,0;  0,0;  0,0;  0,0;  0,0; 20,7;  0,0;  0,0;  0,0;  0,0;  0,0;  0,0;  0,0;  0,0;  0,0;  0,0;  0,0;  0,0;  0,0;  0,0; 13,5;  0,0;  3,7;0,0;0,0;---;20,7;44,2
  07/2009;  0,0;  0,0;  8,6;  0,0;  0,0;  0,0;  0,0;  0,0;  0,0;  0,0; 20,0;  7,8;  0,0;  0,0;  0,4;  0,0;  0,0;  0,0;  3,5;  0,2;  0,0;  0,0;  0,0;  2,1;  3,5;  3,4;  0,8;  0,0;4,1;16,7;0,1;20,0;71,2
  08/2009;  0,0;  0,0;  0,0;  0,0;  0,0;  0,0;  0,0;  0,0;  0,0;  0,0;  0,5;  0,9;  0,0;  0,0;  0,0;  0,0;  0,0;  8,3; 10,0;  0,5; 20,7;  0,0;  0,0;  5,1;  2,8;  0,0;  0,0;  0,0;0,0;0,0;0,0;20,7;48,8
  09/2009;  0,0;  0,0;  0,0;  4,6;  0,0;  0,0; 30,5;  8,6;  0,0;  0,0;  0,0;  0,0;  0,0;  2,9;  7,4;  0,0;  0,0;  0,0;  0,0;  0,0;  0,0;  2,2;  2,2;  4,4;  6,6;  0,0;  0,0;  3,4;3,7;9,8;---;30,5;86,3
  10/2009;  0,0;  0,0;  0,0;  0,1;  0,0;  0,0; 11,6;  5,7;  9,6;  0,0;  0,0; 11,5;  0,0;  0,0;  0,0; 19,1; 28,5;  2,0;  5,1; 21,5;  0,0;  0,0;  0,0;  0,0;  0,0;  0,0; 34,7;  3,6;0,7;0,0;0,0;34,7;153,7
  11/2009;  0,0;  0,0;  0,0;  0,0;  0,0;  0,0;  0,0;  3,3; 21,2;  0,2;  0,3;  0,0;  0,0;  0,0; 30,4;  0,0;  0,0;  0,0;  0,0;  0,0;  0,0; 18,0; 48,5; 28,1;  0,4;  0,0;  0,9;  4,0;10,1;11,3;---;48,5;176,7
  12/2009;  0,0;  4,3;  5,1; 34,3;  0,0;  1,0;  2,1; 86,3; 20,0;  0,0;  0,0;  5,0;  7,0; 20,0;  0,0;  0,0; 21,0; 44,7;  0,0;  0,0;  0,0;  0,0;  0,0;  0,0;  0,0;  9,0;  0,0; 66,0;22,5;9,5;0,0;86,3;357,8
  01/2010; 21,3;  9,0; 11,1;  9,8; 20,3; 50,6;  6,2;  0,5;  0,0; 20,0; 40,3;  0,0;  0,0;  0,0;  7,7;---;---;---;---;---;---;---;  0,2;  4,5; 13,3; 28,5; 58,5;---;---;---;---;---;---
  02/2010;  0,0; 19,0; 10,0; 19,0;  7,0;  9,0;  5,0;  0,0;  0,0;  0,0;  7,7;  5,0;  0,0;  0,0;  0,0;  0,0;  0,0; 81,0;  0,0;  0,0;  0,0;  0,0; 14,7;  0,3; 28,5;  0,0;  9,0;  3,0;---;---;---;81,0;218,2
  03/2010; 22,0;  8,2;  0,4;  0,3;  0,0;  0,0;  0,0; 43,0;  0,0;  0,0;  0,0;  0,0;  0,0;  4,0; 30,0;  0,0;  0,0;  0,0;  0,0;  0,0;  0,0;  1,4;  1,2;  0,0; 31,0;  0,0;  0,0;  0,0;8,2;30,1;0,0;43,0;179,8
  04/2010;  0,0;  0,0;  0,0;  0,0; 35,5;  6,1; 21,3;  4,3; 11,0;  0,0;  0,0;  1,6;  0,0;  0,0;  0,0;  0,0;  0,0;  0,0;  0,0;  0,0;  0,0;  0,0;  0,0;---;---;---;---;---;---;---;---;---;---
  05/2010;  0,0;  0,0;  0,0;  0,0;  0,0;  0,0;  6,0;  0,0;  0,0; 37,0;  0,0;  0,0;  0,0;  0,0;  0,0;  0,0;  0,0;  0,0;  1,6; 19,3;  0,0;  0,0;  0,0;  1,0;  0,0;  0,0;  0,4;  0,0;0,0;0,4;0,1;37,0;65,8
  06/2010;  1,0;  0,0;  0,0;  0,0;  0,0;  0,0;  8,7;  0,0;  0,0;  0,0;  0,3;  0,0;  0,0;  0,4;  0,0;  0,0;  0,0;  0,0;  0,0;  0,0;  0,0;  0,0;  1,2;  0,0;  0,0;  0,0;  0,0;  0,0;0,0;0,0;---;8,7;11,6
  07/2010;  0,0;  0,0;  0,0;  0,0;  0,0;  0,0;  0,0;  0,0;  0,0;  0,0;  0,0;  0,0;  1,3; 35,0; 24,5; 28,0;  0,0;  0,0;  0,4;  0,0;  0,0;  0,0;  0,0;  0,0;  0,0;  0,0;  0,0;  0,0;0,0;0,0;0,0;35,0;89,2
  08/2010;  0,0;  0,0;  0,0;  0,0;  0,0;  0,0;  0,0;  0,0;  0,0;  0,0;  0,0;  0,0;  0,0;  0,0;  0,0;  0,0;  0,0;  0,0;  0,0;  0,0;  0,0;  0,0;  0,0;  0,0;  0,0;  0,0;  0,0;  0,0;0,0;0,0;0,0;0,0;0,0
  09/2010;  0,0;  0,0;  0,0;  0,0;  1,0; 12,0;  6,0;  5,0;  0,0;  0,0;  0,0;  0,0;  0,0;  0,0;  0,0;  0,0;  0,0;  0,0;  0,0;  0,0;  4,5;  0,4;  0,0;  0,0;  1,0;  0,7;  0,6; 27,4;0,0;0,0;---;27,4;58,6
  10/2010;  0,0;  0,0;  0,3; 12,1;  0,0;  0,0;  0,0;  0,0;  0,0;  0,0;  0,0;  0,0;  0,0;  0,0;  0,0;  0,0;  0,6; 10,0;  0,2;  0,0;  0,0;  0,0;  0,0;  0,0;  0,9;  0,0; 11,2; 13,5;0,0;0,0;0,0;13,5;48,8
  11/2010; 14,0;  0,0;  0,0;  0,0;  0,0; 12,3;  0,0;  0,0;  0,0; 10,3;  0,6;  0,3;  0,0;  0,0;  0,0;  8,1; 11,1;  4,1;  0,0;  0,0;  0,0;  0,0;  0,0;  0,0; 14,0; 32,0;  0,0;  9,0;13,0;10,0;---;32,0;138,8
  12/2010; 35,0;  0,0;  9,0;  0,0;  0,0; 12,0;  3,0;  0,9;  0,0;  0,0;  0,0;  0,0; 33,4; 44,0; 24,5;  0,5; 35,0;  0,0;  0,0;  4,1;  0,0;  0,0;  0,0;  0,0;  4,7;  5,0; 17,4;  0,0;0,0;0,0;0,0;44,0;228,5
  01/2011;  0,9; 21,0; 25,0; 16,0;  1,5; 67,9;  0,0;  8,0;  9,4;104,0; 26,4; 25,5; 18,0;  7,8;  0,0;  3,5;  7,5;  6,3;  7,9;  0,0;  0,0;  4,0; 33,8; 45,9;  9,3;  3,0;  0,0;  0,0;0,0;0,0;3,5;104,0;456,1
  02/2011;  0,5; 21,0;  7,0;  0,0;  0,0;  0,0;  0,0;  0,0;  0,0;  0,0;  0,0;  0,0;  0,0;  5,0; 11,0; 36,6;  0,0;  0,0;  0,0;  0,0; 16,0;  6,5;  6,4;  1,2;  1,0; 14,0;  4,0;118,0;---;---;---;118,0;248,2
  03/2011; 16,0;  2,0; 21,3;  6,0;  3,2;  8,4;  0,9;  1,8;  0,0;  0,0;  1,5;  0,0;  0,0;  0,0;  5,9;  0,0;  0,0;  0,0;  0,0;  0,0;  6,0;  0,0;  0,0;  0,0;  0,0;  0,0;  0,0;  1,4;0,0;0,0;0,0;21,3;74,4
  04/2011;  0,7;  0,0;  0,0;  0,3;  2,6;  0,0;  0,0;  0,0;  0,0;  0,0;  7,3;  6,3; 41,0;  0,0;  0,0;  0,0;  0,0;  0,0;  0,0;  0,0;  0,0;  0,0;  0,0;  0,3;  0,0;  0,0;  0,0;  2,5;0,0;0,0;---;41,0;61,0
  05/2011;  0,0; 33,0;  0,0;  0,0;  0,0;  0,0;  0,0;  0,0;  0,0;  0,0;  0,0;  0,0;  0,0;  0,0;  0,0;  0,0;  0,5;  0,0;  0,0;  0,0;  0,0;  0,0;  0,0;  0,0;  0,0;  0,0;  0,0;  0,0;0,0;0,0;0,0;33,0;33,5
  06/2011;  0,0;  0,0;  0,0;  0,0;  0,0;  0,0;  0,0; 23,0;  0,0; 23,6;  0,0;  0,0;  0,0;  0,0;  0,0;  0,0;  0,0;  0,0;  0,0;  0,0;  0,0;  0,0;  0,0;  0,0;  0,0;  0,0; 14,6;  0,0;0,0;0,0;---;23,6;61,2
  07/2011;  0,0;  0,0;  0,0;  0,0;  0,0;  0,0;  0,0;  0,0;  0,0;  0,0;  0,0;  0,0;  0,0;  0,0;  0,0;  0,0;  0,0;  0,0;  0,0;  0,0;  0,0;  0,0;  0,0;  0,0;  0,0;  0,0;  0,0;  0,0;0,0;0,0;0,0;0,0;0,0
  08/2011;  0,0;  0,0;  0,0;  0,3;  0,4;  0,0;  0,0;  0,0;  0,0;  0,0;  1,5;  0,0;  0,0;  0,0;  0,0;  0,0;  0,0;  0,0;  0,0; 15,0;  0,0;  0,0;  0,0;  0,0;  0,0;  0,0;  0,0;  0,0;2,3;25,0;0,0;25,0;44,5
  09/2011;  0,0;  0,0;  0,0;  0,0;  0,0;  0,0;  0,0;  0,0;  0,0;  0,0;  0,0;  0,0;  0,0;  0,0;  0,0;  0,0;  0,0;  0,0;  0,0;  0,0;  0,0;  0,0;  0,0;  0,0;  0,0;  0,0;  0,0;  0,0;0,0;0,0;---;0,0;0,0
  10/2011;  0,0;  0,0;  0,0;  0,0;  0,9;  3,8;  0,0;  0,0; 12,3;  0,9;  0,0;  0,0;  0,8;  9,0; 12,0; 35,0; 18,0; 22,0;  0,0;  0,0;  0,0;  0,0;  0,0;  0,0;  0,0;  0,0;  6,0;  0,0;0,0;5,0;46,6;46,6;172,3
  11/2011; 46,0;  0,0;  0,0;  0,0;  0,0;  0,0;  0,0;  0,0;  0,0;  0,0;  0,0;  0,0;  0,0;  5,0;  7,0;  0,0;  0,0;  0,0;  0,0;  0,0;  0,0;  0,0;  0,0;  0,0;  0,0;  3,0;  2,0;  0,0;2,5;17,0;---;46,0;82,5
  12/2011;  0,0;  0,0;  0,0;  0,0;  0,0; 10,6; 28,0;  0,7;  0,0;  0,3;  0,0;  0,0;  0,0;  0,0;  0,0;  0,0;  6,0;  0,8;  0,0;  0,0;  0,0;  0,0;  0,0;  0,8;  0,6;  0,0;  0,0;  0,0;0,0;0,8;10,0;28,0;58,6
  01/2012;  0,9;  0,5;  0,0;  0,0;  3,1;  5,0;  7,0;  3,0;  0,0;  0,0;  0,0; 11,0;  9,6;  5,7;  4,3;  0,0;  0,0;  5,8;  7,9;  6,5;  3,7;  4,2;  3,5;  7,5;  8,3;  6,1;  3,2;  1,3;0,5;0,0;0,0;11,0;108,6
  02/2012;  0,0;  0,0;  0,0;  0,0;  0,0;  0,0;  0,0; 24,5;  2,2;  0,0; 25,0;  0,0; 38,0;  9,0;  0,0;  0,0;  0,0;  0,0;  0,0; 10,0; 16,9;  0,0;  1,3; 29,3;  0,0;  0,0; 30,0; 28,8;0,0;---;---;38,0;215,0
  03/2012;  0,0;  0,0;  0,0;  0,0;  0,0;  0,0;  0,0;  0,0;  0,0; 10,0; 10,0;  0,0;  0,0; 12,2;  0,0; 38,4;  0,0;  0,0;  0,0;  0,0;  0,0;  0,0; 37,8;  7,6;  0,0;  0,0;  0,0; 15,7;0,0;0,0;0,0;38,4;131,7
  04/2012;  0,0;  0,0;  0,0;  0,0;  0,0;  0,0;  0,0;  0,0;  1,0;  0,0; 23,1;  6,3; 17,7;  0,0;  0,0;  0,0;  0,0;  0,0;  0,0;  0,0; 14,0;  0,0;  0,0;  0,0;  0,0;  0,0; 24,7; 18,0;15,0;12,0;---;24,7;131,8
  05/2012;  3,0;  0,0;  0,0;  0,0;  0,0;  0,0;  0,0;  0,0;  0,0;  0,0;  0,0;  0,8;  0,0;  0,3;  2,3;  0,0;  0,0;  2,0;  1,3;  2,1;  0,7;  0,0;  0,0;  0,0;  0,0;  0,0;  0,0;  0,0;0,0;0,0;0,0;3,0;12,5
  06/2012;  0,0;  0,0;  0,0;  0,0; 43,0; 45,0; 20,0;  6,0; 12,2;  5,1;  0,3; 19,5;  0,0;  0,0;  0,0;  0,0;  0,0;  0,0;  0,0; 41,3;  8,4; 20,0;  0,0;  0,0;  0,0;  0,0;  0,0;  0,0;0,0;0,0;---;45,0;220,8
  07/2012;  0,0;  0,0;  0,0;  0,0;  0,0;  0,0;  5,5;  7,0;  0,0;  0,0;  0,0;  2,0;  0,0;  0,0;  0,0; 12,0;  6,0; 21,0;  0,0;  0,0;  0,0;  0,0;  0,0;  0,0;  0,0;  0,0;  0,0;  0,0;0,0;0,0;0,0;21,0;53,5
  08/2012;  0,0;  0,0;  0,0;  0,0;  0,0;  0,0;  0,0;  0,0;  0,0;  0,0;  0,0;  0,0;  0,0;  0,0;  0,0;  0,0;  0,0;  0,0;  0,0;  0,0;  0,0;  0,0;  0,0;  0,0;  0,0;  0,0;  0,0;  0,0;0,0;0,0;0,0;0,0;0,0
  09/2012;  0,0;  0,0;  0,0;  0,0;  0,0;  0,0;  0,0;  0,0;  0,0;  0,0;  0,0;  0,0;  0,0;  0,0;  0,0;  0,0;  0,0;  0,0;  0,0;  0,0;  0,0;  4,1;  0,0;  0,0;  0,0;  5,0;  0,3;  0,0;0,0;0,0;---;5,0;9,4
  10/2012;  0,0;  0,0;  0,0;  0,0;  0,0;  5,8;  0,0;  0,0;  0,0;  0,0;  0,9; 10,8;  0,0;  0,0;  0,0;  0,0; 11,3;  0,0;  0,0;  0,0;  0,0;  1,6;  5,1;  8,8;  0,0;  0,0;  0,0; 18,8;31,0;0,0;0,0;31,0;94,1
  11/2012;  0,0;  0,0;  0,0;  2,0;  0,0;  0,0;  0,0;  0,0;  6,4;  0,0;  0,0; 35,3; 10,5;  1,6;  1,9;  0,0;  0,0;  0,0;  7,5;  0,0;  0,0;  0,0;  0,0;  0,0;  0,0;  3,3;  0,0;  0,0;0,0;0,3;---;35,3;68,8
  12/2012;  0,0;  5,0;  7,0;  0,0;  0,0;  1,8;  6,8;  0,0;  0,0;  0,0;  0,0;  0,0;  0,0;  2,4;  0,0;  7,1; 26,5; 32,3;  0,0;  0,0; 15,0; 22,0;  0,0;  0,0;  2,0;  4,1;  0,0;  0,0;0,0;5,0;0,0;32,3;137,0
  01/2013; 18,0;  3,0;  0,0;  0,9;  0,0;  0,0;  0,0;  0,0; 16,0;  7,6;  0,6;  0,0; 32,0; 18,0; 14,4;  2,3; 33,5;  0,0;  0,0;  0,0; 19,5;  0,0;  0,0;  0,0;  0,0;  7,2; 10,0;  0,0;0,0;0,0;0,0;33,5;183,0
  02/2013; 10,0;  3,5;  8,4; 14,1;  0,0;  0,0;  0,0; 19,0; 18,2; 12,3; 23,5;  9,1;  6,0;  0,7; 59,5; 51,5;  0,3;  0,0; 22,6; 29,1;  1,1;  0,7; 44,7;  4,9;  0,3;  0,0; 18,5;  0,0;---;---;---;59,5;358,0
  03/2013;  0,0;  0,0;  0,0;  0,0;  0,0;  0,0;  1,3; 71,5; 35,7; 38,1; 25,2;  1,6;  0,0;  0,0;  4,2;  0,0; 27,6;  0,0;  0,1;  0,0;  0,0;  0,0;  0,0;  2,0; 10,0;  0,0;  0,0;  0,0;0,0;0,0;0,0;71,5;217,3
  04/2013;  0,0;  0,0;  0,2;  0,0;  0,0;  0,0; 18,9;  0,0;  0,0;  0,0;  0,0;  0,0; 54,4;  3,0;  0,0;  0,0;  0,0;  0,0;  0,0;  0,0;  0,0;  0,0;  0,0;  0,0;  0,0;  0,0;  0,0;  0,0;0,0;0,0;---;54,4;76,5
  05/2013;  0,0;  0,0;  0,0;  0,0;  0,0;  0,5;  0,0;  0,0;  0,0;  0,0;  0,0;  0,0;  0,0;  0,0;  0,0;  0,0;  0,0;  0,0;  0,0;  0,0;  0,0;  0,0; 12,7;  0,0;  0,0;  0,0;  0,3; 11,0;4,5;2,1;0,0;12,7;31,1
  06/2013;  0,0;  0,0; 15,9;  0,0;  0,0;  0,0;  0,0;  0,0;  0,0;  0,0;  0,0; 15,7;  0,6;  0,0;  0,0;  0,0; 15,3;---;---;---;---;---;---;---;---;---;---;---;---;---;---;---;---
  07/2013;---;---;---;---;---;---;---;---;---;---;  0,0;  0,0;  0,0;  0,0;  0,0;  0,0;  0,0;  0,0;  0,0;  0,0;  0,0; 10,0;  4,4;  1,1;  0,0;  1,3;  0,0;  0,0;0,0;0,0;0,0;---;---
  08/2013;  0,0;  0,0;  0,0;  0,0;  0,0;  0,0;  0,0;  0,0;  0,0;  0,0;  0,0;  0,0;  0,0;  3,1;  0,2;  0,0;  0,0;  0,0;  0,0;  0,0;  0,0;  0,0;  0,0;  0,0;  0,0;  0,0;  2,5;  0,0;0,0;0,0;0,0;3,1;5,8
  09/2013;  0,0;  0,0;  0,0;  0,0;  3,5;  0,0;  0,0;  0,0;  0,0;  0,0;  0,0;  0,0;  0,0;  0,0;  0,0;  0,0;  6,4;  3,8;  5,1;  1,3;  0,0;  6,5; 20,0;  8,6;  0,5;  0,0;  4,0;  0,0;0,0;0,0;---;20,0;59,7
  10/2013; 11,5; 15,6;  0,0;  0,0;  0,0;  0,0;  0,0;  0,2;  0,0;  0,0;  0,0;  0,0;  0,0;  0,0; 18,8;  4,5; 25,1;  0,0;  0,0;  0,0;  0,0;  1,7;  0,0;  0,0;  1,0;  0,0;  0,0;  0,0;0,6;0,5;0,0;25,1;79,5
  11/2013;  0,0;  0,0;  0,0;  0,0; 54,1;  0,0; 14,1;  0,0;  0,0;  0,0;  0,0;  0,0;  0,0;  0,0;---;---;---;  4,8;  0,0;---;  4,1;  1,8;  0,0;  0,0; 37,0; 18,6;  2,5;  0,0;0,0;0,0;---;---;---
  12/2013;  0,0;  0,0;  0,0;  0,0;  0,0; 22,3;  0,0;  0,0;  0,0;  9,5;  4,5;  0,2;  0,0;  0,0;  0,0;  0,0;---;---;---;---;---;---;---;---;---;---;---;---;---;---;---;---;---
  02/2014;---;---;---;---;---;---;---;---;---;---;---;---;---;---;---;---;---;---;---;---;---;---;---;---; 20,4;  0,0;  0,0;  8,4;---;---;---;---;---
  03/2014; 26,0;  0,0;  3,3;  0,0; 28,1;  0,0;  4,4;  0,0; 74,0;  0,0;  0,0;  0,0;  2,8;  0,0;  0,1;  0,5;  0,0;  3,1;  0,0;  0,0;  0,0;  0,2;  0,0;  0,3;  0,0;  0,0;  0,0;  0,0;0,0;0,0;0,0;74,0;142,8
  04/2014;  0,0;  1,1;  0,0;  0,0;  0,0;  0,0;  0,0;  0,0;  0,0;  0,0;  0,0;  8,8;  4,8;  9,9;  9,9;  0,0;  0,0;  0,0;  0,0;  0,0;  0,0;  0,0;  0,0;  0,0;  0,0;  0,0;  0,0;  0,0;0,0;0,0;---;9,9;34,5
  05/2014;  0,0;  0,0;  0,0;  0,0;  0,0;  0,0;  0,0;  0,0;  0,0;  0,0;  0,0;  0,0;  0,0;  0,0;  0,0;  0,0;  0,0;---;  0,0;  0,0;  0,0;  0,0;  0,0;---;---; 25,1;  0,0;  0,6;0,0;0,0;0,0;---;---
  06/2014;  0,0;  0,0;  0,0;  0,0;  0,0;  6,7;---;---;  1,8;  0,0;  0,0;  0,0;  0,0;  0,0;  0,0;  0,0;  0,0;  0,0;  0,0;  0,0;  0,0;  0,0;  0,0;  0,1;  0,0;  0,0;  0,0;  0,0;0,0;0,0;---;---;---
  07/2014;  0,0;  0,0;  0,0;  0,0;  0,0;  0,0;  0,0;  0,5;  0,7;  1,7;  2,1;  0,0;  0,0;  0,0;  0,0;  0,0;  0,0;  0,0;  0,0;  0,0;  0,4;  0,0;  0,0;  0,0;  0,0;  0,0;  0,0; 14,0;0,0;0,0;0,0;14,0;19,4
  08/2014;  0,0;  0,0;  0,0;  0,0;  0,0;  0,0;  0,0;  0,1;  0,0;  0,0;  0,0;  0,0;  0,0; 10,0;  3,3;  0,0;  0,0;  5,2;  0,0;  0,0;  0,0;  0,0;  0,0;  0,0;  0,0;  0,0;  3,8;  0,0;0,0;0,0;0,0;10,0;22,4
  09/2014;  0,0;  0,0; 29,3;  6,9;  0,0;  0,0;  0,0;  0,0;  0,0;  0,0;  0,0;  0,0;  0,0;  0,0;  0,0;  0,0;  0,0;  0,0;  0,0;---;---; 19,3;  0,0;  0,0;  0,0;  0,7;  0,0;  0,0;25,9;0,0;---;---;---
  10/2014;  0,1;  0,0;  0,0;  0,0;  0,0;  0,0;  0,0;  0,0;  0,0;  0,0;  0,0;  0,0;  0,0;  0,0;  0,0;  0,0;  0,0;  0,0;  0,0;  1,2;  0,0;  0,7;  0,0;  0,0;  0,0;  0,0;  2,6;  0,0;0,0;0,0;0,0;2,6;4,6
  11/2014;  0,0;  0,0; 12,7;  0,0;  0,0;  0,0; 27,7;  0,0;  0,0; 20,8;  0,0;  0,0;  0,0; 18,4;  0,0;  0,0;  0,1;  0,0;  0,0;  0,0;  0,0;  0,0;  0,0;  3,5;  0,0; 24,7;  8,8;  0,0;0,0;0,0;---;27,7;116,7
  12/2014;  0,0;  0,3;  0,0;  0,0;  5,0;  0,0;  0,0;  0,0;  0,0;  0,0;  4,9;  0,0;  0,0;  0,0; 37,9;  0,0;  0,0;  0,0;  0,0;  0,0;  0,0;  5,9;---;---;---;129,4;  0,0;  0,0;1,8;0,0;0,0;---;---
  01/2015;---;---;---;---;---; 16,9;---; 49,2;  0,0;  0,0;  0,0;  0,0;  0,0;  0,0;  0,0;  0,0;  0,0;  0,0;  0,0;  0,0;  0,0;---;---;---;---;---;136,4;  2,1;0,0;0,0;0,0;---;---
  02/2015;  0,0;  4,0;  6,6;  8,0; 11,4; 12,1; 18,4;  0,0;  0,0; 10,0;  5,5;  0,0;  0,0;  0,0;  0,5; 26,7; 33,5; 11,3;  5,1;  0,0;  0,0;  0,0;  0,0;  0,2;  6,8; 41,7;  0,0;  0,2;---;---;---;41,7;202,0
  03/2015;  6,2;  0,0;  0,0;  0,0;  0,0;  0,0; 56,3; 43,3; 62,1;  1,2;  9,7;  1,0;  9,1; 33,2;  0,9;  1,7;  9,0;  0,0;  9,1;  2,4; 20,2;  6,0;  2,2;  0,0;  0,0;  0,0;  0,0;  0,0;0,0;8,3;1,3;62,1;283,2
  04/2015;  0,0;  0,0;  0,0;  0,0;  0,0;  0,0;  5,6;  0,0;  0,0;  0,0;  0,0;  0,0;  0,0;  0,0;  0,0; 16,3; 18,2;  0,0;  0,0; 11,3;  0,0; 10,1;  6,3;  0,0;  0,0;  0,0;  0,0;  0,0;0,0;0,0;---;18,2;67,8
  05/2015;  0,0;  0,0;  0,0;  0,0;  9,1;  0,0;  0,0;  0,0;  0,0;  0,0; 22,0;  0,0;  2,0;  0,0;  0,0;  0,0;  0,0;  0,0;  0,0;  0,0;  0,0;  0,0;  0,0;  0,0;  0,0;  0,0;  0,0;  0,0;7,8;10,0;0,0;22,0;50,9
  06/2015;  1,1;  0,0;  0,0;  0,0;  0,0;  0,0;  0,0;  0,0;  0,0;  0,0;  0,0;  0,0;  0,0;  0,0;  0,0; 11,1;  0,0;  0,0;  0,0;  0,7;  2,7;  0,0;  0,0;  7,8;  5,7;  0,0;  0,0;  0,0;0,0;0,0;---;11,1;29,1
  07/2015;  0,4;  0,5; 27,4; 28,5;  0,0;  0,0;  0,0;  8,5;  0,1;  0,0;  0,0;  4,6;  0,0;  0,0;  0,0;  0,0;  0,0;  0,0;  0,0;  0,0;  0,0;  0,0;  0,0;  0,0; 18,7; 14,6;  0,0;  0,0;0,0;0,0;0,0;28,5;103,3
  08/2015;  0,0;  0,0;  0,0;  0,0;  0,0;  0,0;  0,0;  0,0;  0,0;  0,0;  0,0;  0,0;  0,0;  0,0;  0,0;  0,0;  0,0;  0,0;  0,0;  0,0;  0,0;  0,0;  0,0;  0,0;  2,8;  2,4;  1,5;  9,8;0,0;0,0;0,0;9,8;16,5
  09/2015;  0,0;  0,0;  0,0;  0,0;  0,0;  0,0;  2,0; 28,7; 56,1;  0,0; 33,3; 36,1;  7,4;  1,3;  0,0;  0,0;  0,0;  0,0;  0,0;  0,0;  0,0;  0,0;  0,0;  0,0;  0,0; 20,7;  3,0; 21,5;0,0;0,0;---;56,1;210,1
  10/2015;  1,5;  1,0; 22,5;  4,0;  0,0;  0,0;  0,0;  0,0;  0,5;  0,5;  0,0;  0,0;  5,7;  0,1;  0,0;  0,0;  0,0;  0,0;  0,0;  0,0;  0,0; 27,0;  0,0;  0,0;  0,0; 18,4;  5,4;  0,0;0,3;0,3;0,0;27,0;87,2
  11/2015; 13,0; 23,0;  5,0; 16,5; 32,7;  0,8;  1,0;  0,7; 59,6;  4,8;  0,0;  0,0;  0,0;  0,0;  0,0;  0,0;  0,0; 35,2;  0,0;  6,8; 92,0;  0,0;  4,6;  8,6;  0,2;  0,2;  0,0;  0,0;17,0;87,5;---;92,0;409,2
  12/2015;  3,0;  0,0;  0,0;  0,0; 10,0;  0,7;  4,1;  0,9;  0,2;  0,8;  1,5;  0,0;  5,8;  0,0;  2,6;  0,9;  1,8;  4,7;  0,8;  9,7; 18,0; 49,8;  0,5;  3,4;  4,8;  0,0;  6,8;  0,3;17,5;7,3;0,2;49,8;156,1
  01/2016;  0,0; 41,6;  0,0;  1,5;  0,0;  0,0;  0,0;  0,0;  0,0; 42,3; 32,5; 11,0;  1,5;  0,0;  7,8;  2,3;  0,0;  0,0;  0,0;  0,2;  0,0;  0,0;  0,0;  0,0;  0,2;  8,2;  1,0; 30,6;0,0;1,0;0,0;42,3;181,7
  02/2016;  0,0;  0,0; 12,5;  0,0;  0,0;  3,5; 10,5;  0,0; 60,3;  0,2;  6,0;  0,0;  0,0;  0,0;  0,0; 22,0;  0,0;  9,7; 37,4;  0,0;  0,0; 45,9;  0,0;  0,0; 24,7; 15,4;  1,9;  0,0;24,6;---;---;60,3;274,6
  03/2016; 14,7; 16,3;  0,0; 63,4;  0,0;  0,0; 17,3;  1,1;  0,0;  0,7; 72,3; 17,5;  0,0;  0,0;  0,0;  1,7;  0,0;  0,0;  0,0;  0,0;  0,0;  0,0;  0,0;  5,1;---;---;---; 24,3;0,0;0,3;1,2;---;---
  04/2016;  0,7;  0,0;  0,0;  0,0;  0,0;  0,0;  0,0;  0,0;  0,0;  0,0;  0,0;  0,0;  0,0;  0,0;  0,0;  0,0;  0,0;  0,0;  0,0;  0,0;  0,0;  0,0;  0,0;  0,0;  0,0;  0,0;  0,0;  0,0;0,0;0,0;---;0,7;0,7
  05/2016;  0,0;  0,0;  0,0;  0,0;  0,0;  0,0;  0,0;  0,0;  0,0;  0,0;  0,0;  0,0;  0,0;  0,0;  0,0;  3,0;  6,2;  0,0; 26,2;  0,0; 36,4;  9,6; 13,8;  0,6;  0,0;  0,0;  0,0;  0,0;0,0;0,0;16,1;36,4;111,9
  06/2016;  1,1; 21,0;  9,1; 15,2;---; 87,1; 63,1;  0,3;  0,0;  0,0;  0,0;  0,0;  0,0;  0,0;  0,0;---;---;  0,0;  0,0;  0,0;  0,0;  0,0;  2,8;  0,0;  0,0;  0,0;  0,0;  0,0;0,0;0,0;---;---;---
  07/2016;  0,0;  0,0;  0,0;  0,0;  0,0;  0,0;  0,0;  0,0;  0,0;  0,0;  0,0;  0,0;  0,0;  0,0;  0,0;  0,0;  0,0;  5,4;  0,0;  0,0;  0,0;  0,0;  0,0;  0,0;  0,0;  0,0;  0,0;  0,0;0,0;0,0;0,0;5,4;5,4
  08/2016;  0,0;  0,0;  0,0;  0,0;  0,0;  0,0;  0,0;  0,0;  0,0;  0,0;  0,0;  0,0;  0,0;  0,0;  0,0;  4,5;  0,0; 13,6;  0,0;  0,0;  0,0; 50,0;  0,1;  0,0;  0,0;  0,0;  0,0;  0,0;0,0;0,0;4,8;50,0;73,0
  09/2016;  3,8;  0,0;  0,0;  0,0;  0,0;  9,4;  0,0;  0,3;  0,0;  0,0;  0,0;  0,0;  0,0;  0,0;  0,0;  0,0;---;---;  7,4;  0,0;  0,0;  0,0;  0,0;  0,0;  0,0;  0,9;  0,0;  0,0;0,0;0,0;---;---;---
  10/2016;  0,0;  0,0;  0,0; 20,0;  0,0;  0,0;  0,0;  0,0;  0,0;  0,0;  0,0;  0,0;  4,4; 15,0;  0,0;  0,0;  0,2;  0,6;  0,0;  4,0; 23,0;  0,0;  0,0;  0,0;  8,9;  4,0;  6,9;  4,3;0,0;0,0;0,0;23,0;91,3
  11/2016;  7,4;  0,0;  0,0; 21,8;  0,0;  0,3; 22,0;  0,0;  0,0; 21,8;  0,0;---;---;---;---; 36,4; 13,6;  0,0;  0,0;  0,0;  0,0;  0,0;  0,7;  3,2;  0,0;  0,0;  0,0;  0,6;23,9;0,0;---;---;---
  12/2016;  0,0;  0,0;---; 13,8; 11,1;  0,0;  0,0;  0,3;  0,0;  0,0;---; 38,3;  0,0;  0,0;  0,0;  0,0;  0,0;  0,0; 27,0;  0,8;  0,0; 11,6;  0,0;---;---;  3,4;  0,0;  0,0;0,0;17,0;0,0;---;---
  01/2017;  0,0;  7,8;  5,9;  4,1;  0,0;  0,0;---;---; 30,0; 24,6;  0,0;  1,6;  0,0;---;---; 30,0; 20,0; 23,0; 24,0; 25,0;---;---; 80,0;  0,0;---; 22,0; 24,0;---;---;15,0;20,0;---;---
  02/2017;  1,5; 34,0;  3,2;---;---; 38,0; 44,0;  0,2;  0,0;  0,0;---;---; 17,0;  0,0;  0,0;  0,0;  0,0;  0,0;  0,0;  0,0;  0,0;  0,0; 40,0;  0,0;  0,0;  0,0;  0,0;  0,0;---;---;---;---;---
  03/2017; 20,0;  0,0;  4,6; 20,0;  0,0;  0,0;  4,2;  5,6;  0,0;  0,0;---;---; 10,0;  4,6;  9,4;  0,0;  0,0;---;---; 20,0;  0,0;  0,0;  0,0;  0,0;---;---;  3,2;  0,0;0,0;0,0;0,0;---;---
  04/2017;---;---;  0,0;  0,0;  0,0;  3,8;111,0;---;---;  1,5; 39,0;  0,3;  0,3;---;---;---;  0,0;  0,6;  0,0;  0,0;---;---;---; 21,0;  0,0;  0,0; 13,9;  0,4;0,0;0,0;---;---;---
  05/2017;  0,0;  0,0;  0,0;  0,0;  8,4;---;---; 16,0;  0,0;  0,0;  0,6;  0,0;---;---;  0,0;  0,0;  0,0;  0,0; 26,0;---;---; 90,0;  0,0;  0,0;  0,0;  0,0;---;---;---;0,0;0,0;---;---
  06/2017;  0,0;  0,0;  0,0;  0,0;  0,0; 12,3; 38,5;  0,0;  0,3;  0,0;  0,0;  0,0;  2,7; 14,0;  0,0;  0,0;  0,0;  0,0;  0,0;  0,0;  0,4;  0,0;  0,0;  0,0;  0,0;  0,0;  0,0;  0,0;0,0;0,0;---;38,5;68,2
  07/2017;  0,0;  0,0;  0,0;  0,0;  0,0;  0,0;  0,0;  0,0;  0,0;  0,0;  0,0;  0,0;  0,0;  0,0;  0,0;  0,0;  0,0;  0,0;  0,0;  0,0;  0,0;  0,0;  0,0;  0,0;  0,0;  0,0;  0,0;  0,0;0,0;0,0;0,0;0,0;0,0
  08/2017;  0,0;  0,0;  0,0;  0,0;  0,0;  0,0;  0,0;  0,0;  0,0;  0,0;  0,0;  0,0;  0,0;  0,0;  0,0; 11,5;  3,4;  8,2;---;  5,6; 31,0;  0,0;  0,0;  0,0;  0,0;  0,0;  0,0;  0,0;0,0;0,0;0,0;---;---
  09/2017;  0,0;---;  0,0;  0,0;  0,0;  0,0;---;  0,0;---;---;  0,0;  0,0;  0,0;  0,0;  0,0;---;---;  0,0;  0,0;---;  0,0;  0,0;---;---;  0,0;  0,0;  0,0;  0,0;0,8;0,0;---;---;---
  10/2017; 40,0;  0,0; 21,0;  0,9;  0,0;---;---;---;  4,2;  0,0;  0,0;---;---;---;---; 11,0;  0,0;  0,0;  0,0;  0,0;---;---;  2,8;  0,0;  0,0; 34,8;---;---;---;3,9;3,6;---;---
  11/2017;  0,0;---;---;---;---; 24,0;  0,0;  0,0;  0,0;  2,3;---;  7,0;  0,0;  0,0;---;  0,0;  2,2; 58,0;---;---; 45,0; 39,0;  2,6;  0,0;---;  0,0; 22,0;  0,0;0,0;0,0;---;---;---
  12/2017;  0,0;  0,0;  0,0;  0,0;  0,0;  0,0;  0,0;  2,8;  0,0; 18,0; 16,0;  0,4;  0,0;  0,0;---;---;---; 50,0;  0,0;  0,0; 30,0;  7,4;---;---;---; 19,9; 12,2;  1,0;7,2;---;---;---;---
  01/2018;---; 37,7;  9,1; 15,0;  0,0;---;---; 23,0; 12,4;---;---;---;---;---;---;---; 23,4;  0,1;  2,0;---;---; 48,0;  6,6;  3,4;---;---;---;---;3,2;14,9;12,5;---;---
  02/2018;  0,0;  0,0;  0,0;  0,0;  0,2;  0,0;  0,0;  0,0;  0,0;---;---;---;---;  0,0;  0,0;  0,0;---;---;  0,0;  0,0;---;  0,0;  0,0;---;---;  0,0;---;---;---;---;---;---;---
  03/2018;  0,0;  0,0;---;---; 10,0;  8,0;  4,0;  0,0; 15,0;---;---; 10,0;  0,0;  0,0;  0,0;  0,0;  0,0;  0,0;  0,0; 15,0; 18,0; 22,2;  0,0;---;---;---; 10,0;  2,4;20,8;0,0;0,0;---;---
  04/2018;---;  0,0;  0,0;  0,0;  0,0;  0,0;---;---;  0,0;  0,0;  0,0;  0,0;  0,0;---;---;  0,0;  0,0;  0,0;  0,0;---;  0,0;---;  0,0;  0,0;  0,0;  0,0;  0,0;---;---;0,0;---;---;---
  05/2018;---;  0,0;  0,0;  0,0;  0,0;---;  0,0;  0,0;  0,0;  0,0;---;---;---;  0,0;  0,0;  0,0;  0,0;  0,0;---;---; 11,3;  0,0;  0,0;  0,0;  0,0;---;---;  0,0;0,0;0,0;---;---;---
  06/2018;  0,0;  0,0;  0,0;  0,0;  0,0;  0,0;  4,9;  3,4;---;---;  0,0;  0,0;  5,9; 10,0;  0,0;---;---;  0,0;  0,0;  0,0;  0,0;  0,0;---;---;  0,0;  0,0;  0,0;  0,0;0,0;0,0;---;---;---
  07/2018;  0,0;  0,0;  0,0;  0,0;  0,0;  0,0;---;---;---;  0,0;  0,0;  0,0;  0,0;---;---;  0,0;  0,0;  0,0;  0,0;  0,0;---;---;  0,0;  0,0;  0,0;  0,0;  0,0;---;---;0,0;25,5;---;---
  08/2018;  1,3;  4,5;  0,0;---;---;  6,0; 10,0;  0,0;  2,0;  0,0;---;---;  0,0;  0,0;  0,0;  0,0;  0,0;---;---;  0,0;  0,0;  0,0;  0,0;  0,0;  8,7;---;---;  0,0;0,0;0,0;0,0;---;---
  09/2018;  0,0;  0,0;  0,0;  0,0; 14,3;  1,0;---;---;---;  0,0;  0,0;  0,0;  0,0; 14,4; 13,0;  0,0;  1,5;  5,4;  0,0;  0,0; 12,2;---;---;  0,0;  0,0;  0,0;  1,7;---;---;0,0;---;---;---
  10/2018; 25,0;  1,5;  0,0;  0,5;  0,0;---;---;  0,7; 18,8;  0,9;  2,2;---;---;---; 19,1;  1,8;  1,6; 20,0;  0,0;---;---;---;  0,0;---; 18,0;  0,0;  0,0;  0,0;4,2;0,0;0,0;---;---
  11/2018;  5,6;  0,0;---;---;  0,0;  0,0;  0,0;  0,8;  0,0;---;---;  4,1;  0,0;  0,0;  0,0;  0,0;  0,0;  0,0;  0,0;  0,0; 29,0;  0,0;  0,6;  0,0;  0,0; 23,0;  0,0;  0,0;0,0;1,8;---;---;---
  12/2018;---;---; 68,0;  0,0;  0,0;  0,0;  0,0;---;---;  0,0;  0,0;  0,0;  0,0;  2,3;---;---;  1,6;  0,0;  6,6;  0,0;  0,0;---;---;  0,0;  0,0;  0,0;  0,0;  0,0;---;---;0,0;---;---
  01/2019;---; 29,0;  0,0; 21,0;---;---; 29,0;  0,0; 12,1;  0,0;  1,6;  3,5;---;  0,0;  0,0;  0,0;  8,7; 39,0;---;---;  9,9;  0,0; 18,8;  0,6; 30,0;---;---;  0,0;0,0;8,7;---;---;---
  02/2019;  0,0;  0,0;---; 52,3;  4,5;  7,6; 39,3;  0,0;  0,0;  0,0;  0,0;  5,2;  0,0;  0,0;  0,0;  5,0;  0,0; 62,2;  0,0;  0,0;  4,0; 10,0;  0,0;  0,0;  0,0;  0,0; 54,2;  0,0;---;---;---;---;---
  03/2019;  0,0;  0,0;  0,0;  0,0;---;  7,3;  0,0;  0,0;---;---; 50,0;---;  0,0;  0,2;  8,6;---;---; 18,3;  0,0; 10,0;  7,6;  3,0;---;---;  0,0;  0,0;  0,0;  0,0;0,2;0,0;0,0;---;---
  04/2019;  0,0;  0,0;  0,0;  0,0;  0,0;  0,0;---;---; 98,5; 16,1;  0,0;  0,0;---;---;  0,0;  0,0;  0,0;  0,0; 12,0;---;---;  0,0;  0,0;  0,0;  0,0;  1,9;---;---;0,0;12,2;---;---;---
  05/2019;  0,0;  0,0;  0,0;---;---; 37,8;  0,0;  0,0;  0,0;  0,0;---;---; 17,9;  0,0;  2,1;  3,4;  3,8;---;---; 12,5;  0,0;  0,0;  0,0;  0,0;---;---;  0,6;  0,0;2,5;0,0;0,0;---;---
  06/2019;---;---;  5,7;  4,4;  0,4;  0,8;  0,0;---;---;  0,0;  0,0;  0,0;  0,0;  0,0;---;---;  0,0;  0,0;  0,0;---;---;---;---;  0,0;  0,0;  0,0;  0,0;  0,0;---;---;---;---;---
  07/2019;  0,0;  0,0;  0,0;  2,0;  1,0;---;---;---;---;  0,0;  0,0;  0,0;---;---;  0,0;  7,6;  0,0;  0,0;  0,0;---;---;  0,0;  0,0;  0,0;  0,0;  0,0;  0,0;  0,0;0,0;0,0;---;---;---
  08/2019;  0,0;  0,0;---;---;  0,0;  0,0;  0,0;  0,0;  0,0;---;---;  0,0;  0,0;  0,0;  0,0;  0,0;  0,0;---;---;  0,5;  0,0;  0,0;  0,0;---;---;  0,0;  0,0;  0,0;0,0;0,0;---;---;---
  09/2019;---; 53,6;  0,0; 10,0;  0,0;  4,7;---;---;  2,2;  0,0;  0,0;  0,0;  0,0;---;---;  0,0;  0,0;  0,0;  0,0;  0,9;---;---;  2,4;  0,0;  0,4;  2,0;  0,0;---;---;0,0;---;---;---
  10/2019;  0,0;  0,0;  0,0;  0,0;---;---;  3,6;  0,0;  3,8;  0,0;  0,0;---;---;  0,0;  0,0;  0,0;  0,0;  0,0;---;---;  0,0;  1,0;  0,0;  0,0;  0,0;---;---;  2,2;0,0;0,0;0,0;---;---
  11/2019;  0,0;  0,0;  0,0;  1,0;  0,0; 28,8;  0,0;  0,0;  0,0;  0,0;  4,5;  0,0;  3,2; 17,9;  1,8;  0,0;  0,0;  0,0;  0,0;  0,0;  0,0;  3,6;  0,0;  0,0;  0,9;  0,0;  0,0; 26,6;8,8;0,0;---;28,8;97,1
  12/2019;  0,0;  1,1;  0,0;  2,6;  0,0; 16,8;  0,0;  0,0;  0,0; 20,0; 35,7;  3,4;  0,0;  0,0;  0,0;  0,6;  0,0;  2,9;  0,0;  0,0;  0,0;  0,0;  4,4;  0,0;  0,0;  0,0;  0,0;  0,0;0,0;0,0;20,0;35,7;107,5
  01/2020;---;---; 29,7;  6,3;---; 30,0;  0,0; 16,7; 70,0;  0,0;---;---;---; 67,4;  0,0;  0,0; 60,6;  1,5;---;  0,0;  0,0;  0,0;  1,4;  1,4;  0,0;  0,0;  3,0;  0,0;9,0;0,0;4,4;---;---
  02/2020;---;---;105,5; 24,7;  0,9;  9,3;  4,3;---;---;166,7; 11,7;  0,9;  0,5;  1,5;  0,0;  0,0;  0,0;  0,0; 14,0; 11,0; 12,0;---;---;  2,4;---; 62,2; 42,4;  0,3;4,7;---;---;---;---
  03/2020;---;  1,1; 35,0;  0,0;  0,0;  0,0;  0,0;  0,0;  0,0;  0,0;  0,0;  0,0;  0,0;  0,0;  0,0; 10,0; 21,7;  0,0;  3,5;  0,5;  0,0;  0,0;  0,1;  0,0;  0,0;  0,0;  0,0;  0,0;0,0;13,0;0,0;---;---
  04/2020;  0,0;  0,0;  0,0;  0,0;  0,0;  0,0;  1,5;  0,0;  0,0;  0,0;  0,0;  0,0;  0,0;  0,0;  0,0;  0,0;  0,0;  0,0;  0,0;  0,0;  0,0;  0,0;  0,0;  0,0;  0,0;  0,0;  0,0;  0,0;0,0;0,0;---;1,5;1,5
  05/2020;  0,0;  0,0;  0,0;  2,7;  0,0;  0,0;  0,0;  8,5;  0,0;  0,0;  0,0;  0,0;  0,0;  0,0;  0,0;  0,0;  0,0;  0,0;  0,0;  0,0;  0,0;  0,0;  0,0;  0,0;  0,0;  1,1;  0,0;  0,0;0,0;0,0;0,0;8,5;12,3
  06/2020;  0,0;  0,0;  2,0;  1,4;---;---;---; 14,6;  0,0;  1,1;  0,0;  0,0;---;---;  0,0;  0,0;  0,0;  0,0;  0,0;---;---;  0,0;  0,0;  0,0;  0,0;  5,7;---;---;105,9;---;---;---;---
  07/2020;  0,3;  0,0;  0,0;---;---;  0,0;  0,0;  0,0;  0,7;  0,0;---;---;  0,0;  0,0;  0,0;  0,0;  0,0;---;---;  0,0;  0,0;  0,0;  0,0;  0,0;---;---;  0,0;  0,0;0,0;0,2;0,0;---;---
  08/2020;---;---;  0,0;  0,0;  0,0;  0,0;  0,0;---;---;  0,0;  0,0;  0,0;  0,0;  0,0;---;---; 17,7; 13,7; 11,3;  0,0;  7,6;---;---; 13,6;  0,0;  0,0;  0,0;  0,0;0,0;---;0,0;---;---
  09/2020;  0,0;  0,0;  0,0;  0,0;---;---;---;  0,0;  0,0;  0,0;  0,0;  0,0;---;  0,0;  0,0;  0,0;  0,0;  0,0;---;---;  0,0; 11,1;  1,9;  0,0;  0,0;  0,0;---;  0,0;0,6;0,0;---;---;---
  10/2020;  0,0;  0,4;---;---;  0,0;  0,0;  0,0;  4,1; 14,0;---;---;---; 23,7;  0,0;  1,0;  1,1;---;---;  0,0; 16,9; 32,4;  0,0;  0,0;---;---;---; 10,4;  0,0;0,0;0,0;---;---;---
  11/2020;---;---; 43,3;  0,0;  3,3;  1,8;  0,0;---;  0,0; 12,1; 28,5;  0,1;  1,9;---;---;  9,3; 22,0;  6,0; 26,7;  3,1;---;---;  0,0;  0,0;  0,0;  0,0;  0,2;  0,0;---;7,2;---;---;---
  01/2021;---;---;---;---; 16,9;  0,0;  0,0;  0,0;  0,0;  0,0;  1,9; 40,9;  0,0;  1,8; 10,4;  0,0;  0,0;  9,5; 14,1;  0,0; 24,1; 10,0;---;---; 20,9;  0,0;  0,0; 20,1;0,0;0,0;0,0;---;---
  02/2021;  0,9;  7,0;  0,0;  0,0; 20,1;  0,0;  0,0;  7,1;  0,0;  2,0;  3,3; 30,5;---;---; 28,3;  7,0;  0,0;103,2;  2,8;---;---;  0,0;  0,0;  0,0; 14,0;  2,7;---;---;---;---;---;---;---
  03/2021; 26,7;  0,0;  0,0;  0,0;  4,4; 47,1;  0,0;  0,0;  0,0;  0,0;  0,0;  0,0;  0,0;  0,0;  0,0;  0,0;---;  1,3;---;---;---; 44,2;  0,0;  0,0;  0,0;  0,0;  0,0;  0,0;0,0;0,0;0,0;---;---
  04/2021;  0,0;  0,0;  0,0;  0,0;  0,0;  0,0;---; 13,9;  0,0;  0,0;  0,0;  0,0;  0,2;  0,0;  0,0;  0,0;---;---; 12,9;  0,7;  0,0;  0,0;  0,0;  0,0;  0,0;  0,0;  0,9;  0,0;0,0;0,0;---;---;---
  05/2021;---;---;  0,0;  0,0;  0,0;  0,0;  0,0;---;---;  0,0;  0,0;  0,0; 24,5;  0,0;---;---;  0,0;  0,0;  0,0;  0,0;  0,0;---;---;  0,0;  0,0;  0,0;  0,0;  0,0;---;---;7,6;---;---
  06/2021;  1,1;  0,0;  0,0;  0,0;  0,0;  0,0;  0,0;  8,3;  0,3;  0,0;  2,2;  0,0;  0,0;  0,0;  0,0;  0,0;  0,4;  0,0;  0,0;  0,0;  0,0;  5,4;  0,2;  0,0;  0,0;  0,0;  0,0;  0,0;0,0;0,0;---;8,3;17,9
  07/2021;  0,0;  0,0;  0,0;  0,0;  0,0;  0,0;  0,0;  0,0;  0,0;  0,0;  0,0;  0,0;  0,0;  0,0;  0,0;  0,0;  0,0;  0,0;  3,4;  0,0;  0,0;  0,0;  0,0;  0,0;  0,0;  0,0;  0,0; 26,3;16,0;0,0;0,0;26,3;45,7
  08/2021;  0,0;  0,0;  0,0;  0,2;  0,0;  0,0;---;---;  0,0;  0,0;  0,0;  0,0;  0,0;---;---;  0,0;  0,0;  0,0;  0,0;---;---;---;  0,0;  0,0;  0,0;  0,0;  0,0;---;---;23,0;0,5;---;---
  09/2021;  0,0;  0,0;  0,0;---;---;---;---;  0,0;  0,0;  0,0;---;---;  2,4;  0,0;  0,0;  3,3;  0,0;---;---;  0,0;  0,0;  0,0;  0,0;  0,0;---;---;  0,0;  0,0;0,0;0,0;---;---;---
  10/2021;  0,0;---;---; 17,0;  1,0;  0,0;  0,3;  0,0;---;---;---;---; 28,2;  0,0;  8,0;  0,0;  0,0; 36,7; 17,0;  3,9;  0,0;  0,0;---;---; 35,7;  0,0;  0,0;  0,0;0,0;---;---;---;---
  11/2021;---;---; 15,5;  0,0;  0,0;---;---;  0,0;  0,0;  0,0;  0,0;  0,0;---;---;---; 46,6;  0,0;  0,0;  0,0;---;---;  3,6;  0,0;  0,0;  0,0;  0,0;---;---;4,0;9,5;---;---;---
  12/2021;  8,8;  0,0;  0,0;  0,0;  0,0;  0,0;  0,7;  6,0;  0,0;  0,0;---;---; 11,2; 17,1; 19,3; 27,3; 12,2;  0,0;  0,0;  1,1;  0,0;  0,0;  5,1;  0,0;  0,0;  0,0;  0,0;---;---;---;---;---;---
  01/2022;---;---; 73,0;  9,2;  9,5;  8,8;  8,6;---;---; 18,5;  0,0;  8,9; 17,7;  0,3;---;---; 46,9;  0,0; 10,7; 18,2; 22,2;  0,0;  0,0;  0,0;  0,0;  0,0;  3,8; 17,7;---;---;103,5;---;---
  02/2022;  8,7;  8,7;  7,5;  0,0;---;---;  2,8;  5,4;  0,0;  0,0;  0,0;---;---;  0,0;  0,0;  0,0;  0,0;  5,0;---;---;  0,0;  9,0;  4,5;  0,0;  0,0;---;---;  0,0;---;---;---;---;---
  03/2022;  0,0; 93,9;  0,0; 13,0;---;---; 36,5;  0,0;  0,0;  0,0;  9,6;---;---; 29,8; 33,3; 14,1;  8,7;  0,0;---; 11,3;  0,0;  0,0;  0,0;  0,0;---;---; 10,5;  0,0;0,0;0,0;0,0;---;---
  04/2022;  4,1;---;---;  3,7;  3,9;  0,0;  0,0;  0,0;---;---;  4,1;  0,0;  4,0;  0,3;  0,0;---;---;  0,3;  0,0;  0,0;---;---;---;---;  0,0;  0,0;  0,0;  0,0;0,0;---;---;---;---
  05/2022;  0,0;  7,6;  0,0;  0,4;  4,7;  0,0;---;---;  0,0;  0,0;  0,0;  5,9;  0,0;---;---;  5,8;  0,0;  0,0;  0,0;  0,0;---;---;  0,0;  0,0;  0,0;  0,0;  0,0;---;---;0,3;35,6;---;---
  06/2022;  2,5;  1,0;  0,0;---;---;  0,7;  0,0;  9,1;  0,0; 19,5;---;---;  0,0;  0,0;  0,0;  0,0;  0,0;---;---;  0,0;  0,0;  0,0;  0,0;  0,0;---;---;  0,0;  0,0;0,0;0,0;---;---;---
  07/2022;  0,0;  0,0;  0,0;  0,0;  0,0;  0,0;  0,0;  0,0;  0,0;  0,0;  0,0;  0,0;  0,0;  0,0;  0,0;  0,0;  0,0;  0,0;  0,0;  0,0;  0,0;  0,0;  0,0;  0,0;  0,0;  0,0;  0,0;  0,0;7,2;0,0;0,0;7,2;7,2
  08/2022;  0,0;  0,0;  0,0;  0,0;  0,0;---;---; 15,9;  0,0; 10,8;  3,5;  1,3;  0,0;  0,0;  0,0;  0,0;  0,0;  0,5;  1,7;  0,0;  0,0;  0,0;  0,0;  0,0;  0,0;  0,0;  0,0;  0,0;2,3;0,0;0,0;---;---
  09/2022;  0,0;  0,0;---;---; 10,2;  0,0;---; 11,1;  0,0;  0,0;  0,0;  1,2;  1,0;  0,2;  1,6;  4,4;  0,0;  0,0;  0,0;  7,2;  0,0;  0,2;  0,2;  0,0;  0,0;  0,4; 26,2; 70,1;19,2;0,0;---;---;---
  10/2022;---;---; 12,4;  0,0;  0,0;  0,0;  0,0;---;---; 17,5;  1,6;  0,0;  0,4;  0,0;  0,0;  0,0;  0,0;  0,0;  2,4;  0,0; 10,5;  0,0;  0,0;  0,0;  0,0;  0,0;  0,0;  4,5;---;---;47,4;---;---
  11/2022; 16,6;  0,0;  4,4;  0,0;  0,0;  0,0;  0,0;  0,0;  0,0;  0,0;  0,0;  0,0;  0,0;  0,0;  0,0;  0,0;  0,0;  0,0;---;---; 11,7;  0,0;  5,4; 42,2; 16,7;  0,0;  0,0;  1,0;7,1;8,4;---;---;---
  12/2022;  7,3;  0,0;---;---; 27,9; 25,9; 51,2;  0,0;  0,0;  0,0;  0,0;  0,0; 30,0;  8,6;  0,0;  0,0;  0,0;  0,0;  1,0;  5,3;  3,1;  0,7;  0,0;  0,0;  0,0;  5,9;  0,0; 30,7;5,6;8,7;0,0;---;---
  01/2023;  0,0;  2,5;  0,9;  3,8; 53,5;  6,7;  0,0;  0,0;  7,3;  0,0; 17,6;  6,7;  5,4;---;---; 35,2; 50,0;  2,6;  0,0;  0,0;  0,0;  0,0;  4,3;  7,8;---; 15,9;  0,0;---;---;28,5;2,8;---;---
  02/2023; 35,2;  1,1;  1,1;---;---; 15,2; 17,2; 69,8;  0,0;  0,0;---;---; 28,2;  8,8;  2,9;  3,3; 34,9;---;---; 37,9; 24,7;  9,4; 20,7;  4,7;  0,0;  0,0;  0,0;  0,1;---;---;---;---;---
  03/2023; 13,8;  0,0;  0,0;---;---;170,2;  0,0;  0,0;  0,0; 31,9; 43,9;---; 36,9; 18,2; 39,4;  0,0;  0,0;  0,0;  0,0;  5,1;  1,2;  0,0;  0,0;  0,0;  0,0;  0,0;  9,7;  0,0;0,0;0,0;0,0;---;---
  04/2023;  0,0;  0,0; 12,9;  0,0;  0,0;  0,0;  0,0;  0,0;  0,0;  6,0;  0,0;  0,0; 14,7;  0,0;---;---; 10,7;  6,7; 50,0;  0,0;  0,0;  0,0;  0,0;  0,0;  0,0;  0,0;  0,0;  4,3;0,0;0,0;---;---;---
  05/2023;  0,0;  0,0;  0,0;  0,0;  0,0;  0,0;  0,0;  0,0;  0,0;  8,1; 23,5;  0,0;  0,0;  0,0;  0,0;  0,0;  0,0;  0,0;  0,0;  0,0;  0,0;  0,0;  0,0;  0,0;  0,0;  0,0;---;---;11,8;0,0;11,1;---;---
  06/2023; 18,8;  0,0;  0,0;  0,0;  0,0;  0,0;  0,0;  0,0;  0,0;  0,0;  0,0;  0,0;  0,0;  6,5;  8,8;  7,4;  0,0;  0,0;  0,0;  0,0;  0,0;  0,0;  0,0;  0,0;  0,0;  0,0;  0,0;  0,0;0,0;0,0;---;18,8;41,5


  07/2023;  0,0;  0,0;  0,0;  0,0;  5,1;  1,2;  0,0;  0,0;  0,0;  0,0;  1,6;  6,5;  0,0;  0,0;  0,0;  0,0;  0,0;  0,0;  1,9;  0,0;  0,0;  0,9;  1,1;  0,0;  0,8;  0,0;  0,0;  0,0;  0,0;  0,0;  0,0; 17,7; 32,6
  08/2023;  0,0;  0,6;  0,0;  0,0;  5,2;  0,0;  2,0;  0,0;  0,0;  4,7;  0,0;  0,0;  0,0;  0,5;  0,6;  0,4;  0,0;  0,0;  0,0;  0,0;  0,0;  0,3;  0,0;  6,0;  0,0;  0,0;  2,4;  1,4;  0,0;  1,9;  3,1; 16,1; 33,6
  09/2023; 18,7;  0,0;  0,0; 10,1;  0,4;  5,8;  4,2;  0,0; 23,7;  1,1;  0,0; 10,5;  1,0;  0,0;  0,0; 17,9;  0,0;  8,5;  0,0;  0,0;  0,0;  0,0;  0,0;  2,9;  0,0;  0,0; 39,6;  0,0; 20,1;  0,0;0,0; 17,4; 94,2
  10/2023;  0,0;  0,0; 25,3;  0,0;  6,3;  0,0;  0,0;  0,0;  0,0;  0,0; 39,4;  0,0;  2,2;  0,0;  0,0; 27,2;  0,0;  0,0;  0,0;  6,4;  0,0;  0,0;  0,0;  0,0;  4,1;  0,0;  0,0;  0,0;  0,0;  3,1;  0,0; 25,8;107,3
  11/2023;  0,0;  0,0;  0,0;  0,0;  0,0;  0,0; 89,5;  0,0;  0,0;  0,0;114,7;  0,0;  0,0;  0,0; 32,3;  0,0;  0,0;  0,0;  0,0;  0,0;  5,2;  0,0;  0,0;  0,0;  0,0; 12,7;  0,0; 64,1;  0,0;  0,0;0,0; 27,6;203,9
  12/2023;  0,0;  0,0;  0,0;  0,0;  0,0; 16,2;  3,0;  0,0;  0,0;  0,0;  0,0;  0,0; 26,6;  0,0; 14,9;  4,5;  0,0;  0,0;  0,4; 15,2;  9,2;  0,0;  0,1;  0,0;  0,0;  0,0;  3,6;  0,7;  1,7;  4,8;  0,0; 30,3;163,2
  01/2024;  8,0;  4,4;  0,0;101,0;  0,0; 44,2; 11,5;  0,0;  0,0;  0,0; 21,9; 40,4;  0,0;  0,0;  0,0;  0,0;  0,0;  0,0;  0,0;  0,0;  0,0;  0,0;  5,1;  0,0;  0,0;  0,0;  0,0;  0,0;  0,0;  0,0;  0,0; 49,1;264,1
  02/2024;  0,0;  0,0;  0,0;  0,0; 35,2;  2,9;  0,0;  0,0;  6,8;  0,0;  2,3;  3,9; 16,7; 46,8;  9,6;  0,0; 12,2;  0,7;  0,0;  0,0;  2,9;  5,4;  0,0;  0,0;  0,0; 45,7;  2,5;  0,0;  0,0;0,0;0,0; 52,2;255,2
  03/2024;  0,0; 14,3;  0,0; 13,6;  0,0;  4,8;  0,0; 18,1;  0,0; 12,7;  3,6;  9,1;  0,0;  0,0;  0,0; 24,0;  0,0; 11,8;  3,8;  0,0;  0,0; 15,6;  0,0; 27,8; 16,9;  0,0; 41,8;  0,0;  0,0;  0,0;  0,0; 51,4;182,1
  04/2024;  0,6;  0,0;  0,0;  0,0;  0,0;  0,0;  0,0; 19,2; 22,6;  0,0;  0,0;  0,0;  0,0;  0,0;  0,0;  0,0;  0,0;  0,0;  0,0;  0,0;  0,0;  3,0;  0,0; 13,1;  0,0;  0,0;  0,0;  0,0;  0,0;  0,0;0,0; 36,5; 47,9
  05/2024;  0,0;  4,1; 23,7;  0,0;  0,0;  0,0;  0,0; 18,2;  0,0;  0,0;  0,0;  0,0;  0,0;  0,0;  0,0;  0,0;  6,2;  0,0;  0,0;  0,0;  0,0;  0,0;  0,0;  0,0;  0,0; 17,8;  0,0;  0,0;  0,0;  0,0;  0,0; 15,1; 98,3
  06/2024;  0,0; 15,3;  0,0;  0,3;  8,6;  0,0; 12,1;  0,0;  0,0;  0,0;  0,0;  0,0;  0,0;  0,0;  0,5;  0,0;  0,0;  0,0;  0,0; 22,8;  0,0;  0,0;  0,0;  0,0;  0,0;  0,0;  0,0;  1,9;  0,0;  0,0;0,0; 16,2; 64,9
  07/2024;  1,1;  0,0;  0,6;  0,0;  0,0;  0,0;  0,0;  0,5;  0,6;  0,0;  0,0;  0,0;  0,0;  0,0;  2,5;  6,1;  2,6;  0,0;  0,2;  0,0;  0,0;  0,0;  0,0;  4,4;  0,0;  1,0;  1,7;  2,9;  0,0;  0,0;  0,0; 15,8; 42,1
  08/2024;  2,0;  8,4;  1,9;  0,3;  0,0;  0,0;  0,0;  0,0;  2,2;  1,0;  0,0;  1,4;  0,0;  0,0;  2,0;  1,9;  0,0;  0,0;  0,0;  0,0;  0,9;  0,0;  0,3;  0,0;  0,0;  0,0;  0,0;  0,0;  0,0;  3,5;  0,0; 17,6; 39,6
  09/2024;  0,1;  0,0;  3,2;  0,0;  0,0;  0,0;  4,3;  0,0;  0,0;  0,0;  0,5;  0,0;  2,4;  0,0;  0,1;  0,0;  0,0;  0,0;  8,0;  0,0;  1,6;  0,0;  1,2;  0,0;  7,4;  4,5;  0,0;  0,0;  0,0;  0,0;0,0; 16,8; 20,3
  10/2024;  3,8;  7,3;  3,7;  0,0;  8,6;  0,0;  1,6;  3,2;  0,0;  0,0;  3,6;  0,0;  0,0;  0,0;  5,2;  0,1; 11,7;  0,0;  1,8;  0,0;  0,3;  0,0;  0,0;  0,0;  0,7;  0,0;  0,0;  0,0;  0,0;  0,0;  0,0; 31,4; 69,6
  11/2024;  0,0;  0,0;  0,0;  0,0;  1,1; 10,9;  0,0;  0,0;  0,0;  5,3;  0,0;  0,0;  0,0;  0,0;  0,0;  0,4; 21,5;  8,7;  0,0;  0,3;  0,0; 16,5; 19,7;  0,0;  3,9;  0,0; 15,1;  0,0;  1,7; 24,1;0,0; 39,0;106,7
  12/2024;  0,0;  3,2;  0,0;  0,0;  0,0;  0,0;  0,0; 25,1;  7,5; 29,2;  0,0;  0,0;  0,0;  0,0; 15,2;  0,0;  3,3;  0,0;  0,0;  0,0;  0,0; 10,9;  0,0;  1,2;  0,0;  0,0;  0,0;  0,0;  0,0;  6,9; 10,6; 44,5;157,0
  01/2025;  0,0;  0,0;  0,0; 36,5;  0,0;  0,0;  2,4;  0,0;  0,0;  4,0;  4,3;  0,0; 13,3;  0,0; 23,8;  0,0; 13,0;  0,3;  0,0;  0,0;  8,7; 19,3;  0,0;  0,0;  0,0;  0,0; 17,2;  0,0;  2,4;  0,0;  0,0; 40,0;151,3